year,longitude,latitude
1902,16.75,50.9
1903,16.77928,50.94306
1903,16.77928,50.94306
1903,16.92525,51.03068
1903,16.93274,51.21042
1902,16.9833,51.2166
1902,17.0333,51.1
1903,17.07178,51.11811
1903,17.07178,51.11811
1903,17.07178,51.11811
1902,17.0833,51.1333
1902,17.3,50.9333
1903,17.3482,50.933
1915,22.45,53.65
1915,22.45,53.65
1904,14.62414,53.38351
1910,14.62335,53.4734
1919,14.77353,53.56366
1914,16.46532,54.45378
1919,16.46532,54.45378
1903,15.64442,51.22461
1902,16.2,51.2
1937,16.24903,52.38865
1908,16.42505,53.2857
1912,16.42505,53.2857
1918,17.08191,54.44473
1919,17.08191,54.44473
1902,16.7333,50.5
1903,16.76234,50.49363
1903,17.3482,50.933
1903,16.20543,50.77053
1903,16.21714,51.22005
1919,14.47269,53.47282
1903,16.21714,51.22005
1912,15.51332,52.30423
1927,15.22225,52.75464
1937,17.31472,53.09192
1937,17.93956,51.459
1937,18.84347,52.91507
1912,18.37047,53.35513
1912,19.24927,53.91064
1912,18.61515,54.34923
1905,19.95234,50.05256
1932,20.78847,50.50677
1932,19.90455,52.12044
1932,21.49736,50.86563
1903,16.21714,51.22005
1932,16.83281,52.29112
1937,16.83281,52.29112
1912,22.29976,54.09615
1938,22.29976,54.09615
1932,17.74509,52.813
1910,17.87552,52.54012
1912,17.44864,52.81948
1937,17.11305,52.01667
1937,17.5498,52.00802
1914,16.54911,52.56491
1932,16.55228,52.65478
1937,16.867,53.09979
1937,16.867,53.09979
1937,16.98336,52.3786
1912,17.31472,53.09192
1937,17.43859,52.63985
1932,17.58094,52.54691
1911,17.61853,53.17554
1912,17.74509,52.813
1910,17.62402,53.26534
1937,17.93956,51.459
1903,18.28255,49.9355
1902,17.8333,49.6666
1902,17.9166,49.95
1948,15.77855,50.68423
1903,16.34207,50.58917
1903,17.85663,49.93216
1937,13.5166,49.2333
1937,13.5166,49.2333
1935,14.15,49.3
1937,15.7833,50.0333
1937,15.7833,50.0333
1937,15.7833,50.0333
1937,15.7833,50.0333
1937,15.7833,50.0333
1937,15.7833,50.0333
1941,23.13333,42.13334
1939,23.24963,42.55002
1932,23.5833,42.25
1932,24.1833,42.9
1924,25.7666,41.9166
1920,24.75,42.75
1939,23.25,42.55
1939,23.26151,42.60922
1911,15.98,58.19
1916,25.2333,56.4166
1937,8.28333,55.5
1905,9.41667,55.61666
1905,9.6,55.85
1906,9.6,55.85
1904,9.3,56.6
1904,9.31667,56.61666
1947,9.58333,56.88334
1906,9.56667,55.83333
1906,9.56667,55.83333
1918,21.1916,41.0041
1934,23.6,41.38334
1933,23.6,41.3833
1937,23.6,41.3833
1918,20.8333,40.9166
1921,20.51694,42.215
1921,20.51694,42.215
1929,5.916749,50.92017
1941,5.767865,50.83197
1920,5.873404,50.81592
1920,5.873404,50.81592
1932,5.691145,50.85625
1939,5.76,50.85
1940,5.767865,50.83197
1918,5.9,50.81
1918,5.9,50.81
1918,5.9,50.81
1919,5.9,50.81
1924,5.873404,50.81592
1935,5.963584,50.89462
1922,5.769319,50.83382
1925,5.769319,50.83382
1935,5.769319,50.83382
1939,5.769319,50.83382
1940,5.769319,50.83382
1941,5.769319,50.83382
1947,4.527345,51.9358
1900,5.679265,51.73534
1948,5.82952,51.82175
1920,5.9,50.81
1920,5.9,50.81
1920,5.9,50.81
1920,5.9,50.81
1920,5.9,50.81
1922,5.9,50.81
1938,5.9,50.81
1943,5.933932,51.2794
1900,5.911144,50.83036
1910,5.911144,50.83036
1918,5.911144,50.83036
1920,5.911144,50.83036
1921,5.911144,50.83036
1922,5.911144,50.83036
1924,5.911144,50.83036
1926,5.911144,50.83036
1930,5.911144,50.83036
1938,5.911144,50.83036
1941,5.911144,50.83036
1943,5.911144,50.83036
1930,5.916749,50.92017
1931,5.916749,50.92017
1924,5.91,50.76
1924,5.91,50.76
1924,5.91,50.76
1924,5.91,50.76
1926,5.91,50.76
1923,6.164835,51.91156
1923,6.159161,52.00136
1948,5.85,51.83333
1939,5.767865,50.83197
1920,5.873404,50.81592
1918,5.9,50.81
1918,5.9,50.81
1933,5.909684,50.82851
1922,2.128065,48.3565
1921,2.128065,48.3565
1922,2.128065,48.3565
1926,2.993735,44.27575
1906,3.202142,50.26658
1931,3.466445,50.03199
1922,4.846412,49.60446
1921,2.128065,48.3565
1922,2.128065,48.3565
1922,2.128065,48.3565
1926,2.128065,48.3565
1923,3.202142,50.26658
1922,2.128065,48.3565
1936,2.534334,49.68121
1909,3.202142,50.26658
1930,3.220864,45.00289
1922,2.128065,48.3565
1923,2.128065,48.3565
1921,2.154762,48.37469
1923,2.695536,48.26944
1936,2.435847,49.8067
1937,2.534334,49.68121
1936,2.646503,49.68348
1910,2.738871,50.31144
1904,3.202142,50.26658
1911,4.791079,49.60533
1926,2.993735,44.27575
1909,2.24045,49.85955
1949,9.909914,49.72406
1949,6.6285,51.31874
1926,8.08333,48.6333
1928,8.08333,48.6333
1949,8.927591,48.06049
1949,8.275311,50.71391
1947,8.29056,50.7358
1949,8.76861,50.8114
1909,8.3125,52.33694
1949,7.775617,48.04519
1949,7.782188,47.85721
1928,8.38583,49.0047
1928,8.38583,49.0047
1929,8.38583,49.0047
1949,8.429588,49.02776
1949,8.433079,48.83852
1949,8.441346,49.22744
1930,8.5,49.0083
1931,8.53333,49.0083
1949,8.58828,49.71893
1949,8.602439,49.82934
1916,8.64944,49.87056
1926,8.64944,49.87056
1949,7.928096,51.31069
1939,9.6,49.9833
1949,7.605169,51.91133
1937,8.33333,54.9
1935,9.168612,48.83639
1935,9.168612,48.83639
1929,9.45,49.4
1930,9.45,49.3667
1949,9.744227,48.84802
1949,8.103802,49.22395
1927,8.35,48.9833
1927,8.38583,49.0047
1949,7.103223,50.71339
1949,7.437258,51.11348
1909,7.014722,51.45806
1923,7.65,48.05
1949,11.09155,49.64148
1949,11.23889,50.12871
1949,11.23182,49.64069
1949,11.40823,49.73893
1909,10.72028,52.85639
1949,10.74761,48.6715
1949,10.90521,48.37564
1949,10.93217,48.27724
1949,11.23868,48.37514
1949,11.24229,48.09029
1949,11.41238,48.18805
1949,11.40808,48.08996
1949,11.5744,48.0993
1949,10.59349,49.14661
1949,11.07263,49.93033
1949,11.07696,50.03004
1949,9.602446,48.06628
1916,11.0166,49.6
1916,11.0166,49.6
1916,11.0166,49.6
1916,11.0166,49.6
1945,12.6,48.15
1928,7.10799,50.71012
1949,8.929651,47.86318
1949,11.0745,47.6105
1949,11.25724,47.70829
1949,11.40674,47.70815
1949,11.23839,47.99223
1949,11.40384,47.99195
1949,11.90608,47.81429
1949,7.441038,49.7172
1949,6.942144,51.11845
1909,7.042778,51.33889
1942,8.58333,49.025
1949,8.768183,48.83184
1949,8.919723,48.93257
1949,9.084919,50.01255
1949,10.25442,50.41426
1949,10.2373,49.73392
1949,9.10229,49.13293
1949,9.10263,49.03339
1930,9.155833,48.81055
1935,9.155833,48.81055
1949,10.57353,52.21118
1949,10.57848,51.51076
1949,10.91219,51.69995
1949,10.93214,52.11563
1949,10.73824,48.85924
1949,10.75964,49.04724
1949,10.91258,49.44353
1923,11.0666,49.6166
1949,11.24406,48.86785
1949,11.39891,49.55022
1949,11.4081,48.76849
1949,11.90641,51.42472
1949,11.73524,48.29481
1949,11.74033,48.09868
1949,11.73587,48.01056
1949,11.91284,48.49024
1949,11.9268,48.19579
1949,11.90972,48.97265
1949,12.23303,48.00803
1949,12.06962,49.07003
1949,12.06886,51.42224
1949,12.07545,51.51278
1909,12.60861,54.30416
1949,13.41847,48.61239
1929,8.7,48.8833
1909,9.647223,52.30056
1909,9.798889,51.94278
1909,9.001389,53.16472
1909,9.648611,53.54889
1909,10.11,53.47944
1909,9.083889,48.74972
1949,9.088564,48.74506
1930,9.092222,48.71778
1935,9.138056,48.75195
1949,9.255946,48.74625
1949,9.087723,48.93382
1949,9.088153,48.83444
1947,9.15,49.35
1916,11.0166,49.6
1949,10.57456,50.0426
1949,10.7434,49.93206
1949,10.90015,49.9313
1949,10.9041,50.03107
1949,10.90458,49.64238
1949,10.92755,49.83147
1928,12.96972,50.64639
1949,12.26316,51.62051
1902,12.9333,52.1833
1903,13.2,52.55
1927,13.2,52.55
1927,13.2,52.55
1928,13.75389,50.76528
1938,8.336044,54.89487
1938,8.68333,54.88334
1935,6.784361,51.11365
1946,11.84473,48.18971
1949,11.58333,48.15
1916,11.0166,49.6
1916,11.0166,49.6
1916,11.0166,49.6
1916,11.0166,49.6
1916,11.0166,49.6
1930,7.535985,46.92764
1936,7.010036,47.01683
1903,7.141313,47.06223
1926,7.730272,46.43255
1924,9.434526,46.77531
1926,9.436195,46.82028
1934,9.503421,46.86407
1942,9.570755,46.90784
1942,9.57254,46.95279
1926,7.763503,46.36591
1930,7.536309,47.10755
1936,6.978495,46.99513
1903,7.109411,47.08554
1930,7.504263,46.90609
1930,7.504483,47.08599
1926,9.469177,46.79811
1934,9.472573,46.88803
1942,9.603731,46.88563
1942,9.607359,46.97555
1916,4.146613,50.44995
1946,4.569311,50.87667
1939,5.658165,50.77605
1915,3.980124,50.50734
1915,4.146613,50.44995
1915,4.146613,50.44995
1915,4.146613,50.44995
1915,4.146613,50.44995
1915,4.146613,50.44995
1915,4.146613,50.44995
1916,4.146613,50.44995
1916,4.146613,50.44995
1916,4.146613,50.44995
1917,4.146613,50.44995
1917,4.146613,50.44995
1917,4.146613,50.44995
1917,4.146613,50.44995
1917,4.146613,50.44995
1917,4.146613,50.44995
1923,4.146613,50.44995
1915,4.188214,50.42255
1915,4.238607,50.73676
1915,4.252807,50.73666
1913,5.478368,49.51164
1920,5.790799,51.09676
1920,5.790799,51.09676
1938,5.631076,50.92508
1915,4.107022,50.5062
1915,4.146613,50.44995
1915,4.146613,50.44995
1915,4.146613,50.44995
1915,4.146613,50.44995
1915,4.146613,50.44995
1915,4.146613,50.44995
1915,4.146613,50.44995
1915,4.146613,50.44995
1915,4.146613,50.44995
1916,4.146613,50.44995
1916,4.146613,50.44995
1917,4.146613,50.44995
1917,4.146613,50.44995
1917,4.146613,50.44995
1917,4.146613,50.44995
1917,4.146613,50.44995
1947,4.146613,50.44995
1918,4.160713,50.44975
1918,4.160713,50.44975
1918,4.160713,50.44975
1915,4.189513,50.47645
1915,4.188214,50.42255
1945,4.91373,50.25999
1913,4.510711,50.82347
1945,4.541182,50.8861
1915,4.13333,50.45
1915,4.13333,50.45
1916,4.13333,50.45
1917,4.13333,50.45
1932,5.627466,50.8371
1947,5.627466,50.8371
1924,5.905567,50.74055
1915,4.146613,50.44995
1915,4.146613,50.44995
1915,4.146613,50.44995
1915,4.146613,50.44995
1915,4.146613,50.44995
1916,4.146613,50.44995
1916,4.146613,50.44995
1916,4.146613,50.44995
1916,4.146613,50.44995
1916,4.146613,50.44995
1917,4.146613,50.44995
1919,4.146613,50.44995
1916,4.160713,50.44975
1915,4.348409,50.85701
1914,5.478368,49.51164
1922,5.478368,49.51164
1925,5.479267,49.52964
1914,4.454233,50.83326
1924,4.47067,50.86192
1916,4.510711,50.82347
1916,4.553599,50.83198
1915,4.146613,50.44995
1915,4.146613,50.44995
1915,4.146613,50.44995
1915,4.146613,50.44995
1945,4.583811,50.88547
1920,4.664217,50.74947
1923,6.261108,50.41445
1938,5.68333,50.78333
1936,5.68883,50.56847
1923,6.261108,50.41445
1949,14.11667,48.18333
1935,14.13333,48.05
1935,14.2,48.28333
1935,14.21667,48.38334
1935,14.23333,48.21667
1935,14.28333,48.33333
1933,14.3,48.43333
1928,14.31667,48.05
1932,14.41194,48.27361
1938,14.46667,48.2
1930,14.48333,48.2
1910,15.43056,48.02639
1933,15.94444,48.26528
1933,15.94444,48.26528
1933,15.94444,48.26528
1933,15.94444,48.26528
1933,15.94444,48.26528
1933,15.94444,48.26528
1933,15.94444,48.26528
1933,15.94444,48.26528
1933,15.94444,48.26528
1933,15.94444,48.26528
1933,15.94444,48.26528
1933,15.94444,48.26528
1933,15.94444,48.26528
1933,15.94444,48.26528
1933,15.94444,48.26528
1933,15.94444,48.26528
1933,15.94444,48.26528
1933,15.94444,48.26528
1933,15.94444,48.26528
1933,15.94444,48.26528
1935,16.82,48.3
1935,16.82,48.3
1935,16.82,48.3
1928,13.98333,47.95
1930,13.98333,47.95
1937,13.98333,47.95
1914,15.5425,46.78305
1906,15.31667,47.16667
1913,15.32,47.13111
1937,15.35,47.2
1936,15.35,47.21667
1906,15.40833,47.0975
1906,15.40833,47.0975
1924,15.44306,47.07222
1912,16.78333,47.8
1935,16.78333,47.8
1940,16.84167,47.95
1940,16.84167,47.95
1940,16.84167,47.95
1945,13.9,48.55
1937,14.3,48.3
1925,14.33333,48.31667
1927,14.33333,48.31667
1910,14.35,48.3
1910,15.43056,48.02639
1902,16.24583,48.04722
1932,15.6204,48.869
1921,16.36667,48.35278
1946,16.41247,48.30328
1946,16.41247,48.30328
1942,16.4904,48.0294
1911,16.58333,48.15
1910,16.72,48.34
1908,16.75,48.25
1931,16.81667,48.3
1911,16.82,48.3
1911,16.82,48.3
1934,16.82,48.3
1945,13.9,48.55
1945,13.9,48.55
1945,13.9,48.55
1935,13.91667,48.68333
1932,14.31667,48.05
1932,14.33333,48.23333
1943,14.33333,48.24445
1921,14.33333,48.31667
1933,14.33333,48.31667
1935,14.33333,48.31667
1935,14.33333,48.31667
1936,14.33333,48.31667
1940,14.33333,48.31667
1903,15.66207,48.59773
1918,15.69667,48.55556
1933,15.94444,48.26528
1935,16.06944,48.25555
1948,16.1114,48.2243
1933,16.2864,48.2861
1936,15.01111,48.86389
1932,15.6204,48.869
1932,15.6204,48.869
1948,16.36,48.32
1940,16.77917,48.025
1934,16.82,48.3
1935,16.82,48.3
1940,16.82,48.3
1948,16.82,48.3
1911,16.9,48.13
1912,16.92222,48.13194
1941,16.93917,48.13194
1928,13.98333,47.95
1904,15.49167,47.10722
1940,16.77361,47.95278
1940,16.77361,47.95278
1940,16.8375,47.85417
1940,16.84167,47.95
1940,16.84167,47.95
1940,16.84167,47.95
1940,16.84167,47.95
1940,16.84167,47.95
1923,13.9,48.55
1929,13.9,48.55
1934,13.9,48.55
1935,13.9,48.55
1935,13.9,48.55
1935,13.9,48.55
1944,13.9,48.55
1944,13.9,48.55
1944,13.9,48.55
1921,14.3,48.3
1925,14.33333,48.31667
1927,14.33333,48.31667
1927,14.33333,48.31667
1927,14.33333,48.31667
1937,15.1689,48.6038
1915,15.69667,48.55556
1927,15.69667,48.55556
1947,15.88611,48.175
1947,15.88611,48.175
1933,15.94444,48.26528
1933,15.94444,48.26528
1933,15.94444,48.26528
1933,15.94444,48.26528
1924,16.28333,48.08611
1902,16.30833,48.29028
1947,16.41247,48.30328
1934,16.82,48.3
1935,16.82,48.3
1943,11.38722,47.27222
1903,11.39167,47.26667
1923,11.9185,47.13
1948,13,47.771
1948,13,47.771
1948,13,47.771
1944,14.04809,47.3196
1940,16.84167,47.95
1913,13.56667,48.08333
1936,13.8325,48.73111
1936,13.8325,48.73111
1944,13.9,48.55
1944,13.9,48.55
1945,13.9,48.55
1945,13.9,48.55
1936,14.1,48.56667
1923,15.4814,48.234
1912,15.6,48.40833
1901,15.66207,48.59773
1902,15.66207,48.59773
1948,15.88611,48.175
1948,15.88611,48.175
1948,15.88611,48.175
1941,15.911,48.201
1933,15.94444,48.26528
1933,15.94444,48.26528
1936,15.94444,48.26528
1936,15.94444,48.26528
1936,16.12251,48.49335
1934,16.82,48.3
1935,16.82,48.3
1935,16.82,48.3
1935,16.82,48.3
1935,16.82,48.3
1935,16.82,48.3
1935,16.82,48.3
1935,16.82,48.3
1937,16.82,48.3
1937,16.82,48.3
1937,16.82,48.3
1938,16.82,48.3
1938,16.82,48.3
1938,16.82,48.3
1938,16.82,48.3
1938,16.82,48.3
1913,16.84,48.41
1913,16.84,48.41
1935,16.9,48.13
1937,16.9,48.13
1937,16.9,48.13
1912,16.92222,48.13194
1935,16.92222,48.13194
1941,16.93917,48.13194
1941,16.93917,48.13194
1941,16.93917,48.13194
1917,15.7,48.51667
1933,15.95,48.26667
1933,15.95,48.26667
1933,15.95,48.26667
1934,16.36806,48.31805
1914,14.46,47.35
1936,16.81667,48.3
1936,16.81667,48.3
1925,16.86806,47.92639
1935,16.86806,47.92639
1935,16.86806,47.92639
1940,16.86806,47.92639
1944,13.9,48.55
1944,13.9,48.55
1944,13.9,48.55
1944,13.9,48.55
1945,13.9,48.55
1914,15.39583,47.09667
1910,15.46194,47.09056
1910,15.46194,47.09056
1935,16.83194,47.74445
1914,16.75417,47.95139
1940,16.77361,47.95278
1940,16.77361,47.95278
1940,16.77361,47.95278
1944,13.9,48.55
1944,13.9,48.55
1940,16.8375,47.85417
1940,16.84167,47.95
1940,16.84167,47.95
1940,16.84167,47.95
1940,16.84167,47.95
1947,35.36,55.88
1947,37.55917,54.85778
1948,37.55917,54.85778
1949,37.55917,54.85778
1947,37.76667,55.8
1947,37.83833,55.22167
1947,38.05,55.63334
1948,37.5,55.96667
1946,37.88334,56.05
1915,43.1838,53.028
1915,43.1838,53.028
1909,45.0436,55.2341
1915,50.6422,55.3647
1915,50.6422,55.3647
1915,50.6422,55.3647
1915,50.6422,55.3647
1908,54.6,53.9166
1907,54.1166,54.1166
1909,55.05,51.7833
1909,53.3,54.1
1909,55.05,51.7833
1932,57.15,55.8333
1932,57.15,55.8333
1937,17.54980116,52.00802059
1912,22.29976062,54.09614608
1938,22.29976062,54.09614608
1902,16.7333,50.5
1902,16.75,50.9
1902,17.3,50.9333
1902,17.0333,51.1
1902,17.0833,51.1333
1902,16.2,51.2
1902,16.9833,51.2166
1915,22.45,53.65
1919,14.47269022,53.47282559
1904,14.62413961,53.38350953
1910,14.62334587,53.47339539
1919,14.77352697,53.56366099
1914,16.46531905,54.45378124
1919,16.46531905,54.45378124
1903,15.6444226,51.22460869
1903,16.20543242,50.77052882
1903,16.21713669,51.22005362
1912,15.51331714,52.30422571
1927,15.22225464,52.75464021
1937,16.24902511,52.38864653
1908,16.42504465,53.28569824
1912,16.42504465,53.28569824
1918,17.08191088,54.4447287
1919,17.08191088,54.4447287
1903,16.76233844,50.49362509
1903,16.77927996,50.94305697
1903,16.92525527,51.03067671
1903,16.93274348,51.21042096
1903,17.07178125,51.11810615
1903,17.3482002,50.93299902
1932,16.83280666,52.29111876
1937,16.83280666,52.29111876
1937,17.11304703,52.01666854
1914,16.54910911,52.56491579
1932,16.55228437,52.65478308
1937,16.86700241,53.09978726
1937,16.98335637,52.37860372
1912,17.31472182,53.09191951
1937,17.31472182,53.09191951
1937,17.43858844,52.6398528
1912,17.4486373,52.81948599
1932,17.58093686,52.54691149
1911,17.61853234,53.17553821
1912,17.74509047,52.81299591
1932,17.74509047,52.81299591
1910,17.87551789,52.54011772
1910,17.62401855,53.26533503
1937,17.93955787,51.45899759
1903,18.28254489,49.93550347
1888,18.54120651,52.99911237
1937,18.84347077,52.91506862
1912,18.37046575,53.35513009
1912,19.24926557,53.91064452
1912,18.61515241,54.34922837
1870,19.95234161,50.05255738
1905,19.95234161,50.05255738
1932,20.7884669,50.50677407
1932,19.9045519,52.1204403
1932,21.49735756,50.86562603
1902,17.9166,49.95
1937,15.7833,50.0333
1895,17.9025,49.93388889
1948,15.77854737,50.68422879
1903,16.34206949,50.58916684
1903,17.85663303,49.93215656
1937,13.5166,49.2333
1935,14.15,49.3
1902,17.8333,49.6666
1939,23.261511,42.609221
1939,23.249628,42.550021
1924,25.7666,41.9166
1932,23.5833,42.25
1939,23.25,42.55
1920,24.75,42.75
1932,24.1833,42.9
1911,15.98,58.19
1916,25.2333,56.4166
1837,1.3937218438953,51.2359289418132
1837,1.3937218438953,51.2359289418132
1937,8.28333,55.5
1905,9.41667,55.61666
1906,9.56667,55.83333
1905,9.6,55.85
1904,9.3,56.6
1904,9.31667,56.61666
1947,9.58333,56.88334
1906,9.6,55.85
1918,21.1916,41.0041
1933,23.6,41.3833
1937,23.6,41.3833
1884,19.5833,44.45
1883,17.68862431,44.17484681
1918,20.8333,40.9166
1921,20.51694444,42.215
1940,5.767865016,50.83196691
1941,5.767865016,50.83196691
1878,5.835558766,51.82421518
1920,5.873404162,50.81592128
1924,5.873404162,50.81592128
1933,5.909683944,50.828514
1935,5.963584158,50.89461954
1932,5.691145483,50.85624948
1939,5.767865016,50.83196691
1948,5.85,51.83333
1924,5.91,50.76
1926,5.91,50.76
1918,5.9,50.81
1919,5.9,50.81
1920,5.9,50.81
1922,5.9,50.81
1938,5.9,50.81
1939,5.76,50.85
1895,5.769318545,50.83381725
1922,5.769318545,50.83381725
1925,5.769318545,50.83381725
1935,5.769318545,50.83381725
1939,5.769318545,50.83381725
1924,5.911143882,50.8303625
1926,5.911143882,50.8303625
1930,5.911143882,50.8303625
1938,5.911143882,50.8303625
1941,5.911143882,50.8303625
1943,5.911143882,50.8303625
1893,5.916749156,50.92017304
1929,5.916749156,50.92017304
1930,5.916749156,50.92017304
1931,5.916749156,50.92017304
1943,5.93393176,51.27939679
1923,6.164834863,51.91155688
1923,6.159160434,52.00135675
1939,5.76005,50.84995
1926,5.91009,50.75994
1924,5.91009,50.75994
1924,5.91009,50.75994
1924,5.91009,50.75994
1924,5.91009,50.75994
1920,5.90008,50.80995
1920,5.90008,50.80995
1920,5.90008,50.80995
1919,5.90008,50.80995
1938,5.90008,50.80995
1920,5.90008,50.80995
1922,5.90008,50.80995
1920,5.90008,50.80995
1918,5.90008,50.80995
1918,5.90008,50.80995
1918,5.90008,50.80995
1918,5.90008,50.80995
1918,5.90008,50.80995
1936,4.35,52.16
1923,6.13,52.01
1947,4.47,51.91
1923,6.1,51.88
1948,5.84,51.83
1924,4.35,51.67
1922,5.83,50.86
1925,5.83,50.86
1935,5.83,50.86
1920,5.89,50.81
1920,5.89,50.82
1920,5.89,50.82
1921,5.94,50.8
1921,5.89,50.8
1922,5.89,50.81
1922,5.86,50.85
1924,5.89,50.81
1926,5.89,50.81
1926,5.89,50.82
1887,5.72,51.97
1900,5.66,51.69
1893,5.97,50.88
1929,5.97,50.88
1930,5.97,50.88
1930,5.97,50.88
1931,5.97,50.88
1895,5.79,50.87
1895,5.83,50.86
1894,5.89,50.81
1900,5.89,50.81
1910,5.89,50.81
1918,5.93,50.81
1920,5.89,50.81
1920,5.89,50.81
1926,5.89,50.81
1926,5.89,50.81
1930,5.89,50.81
1938,5.93,50.81
1941,5.89,50.81
1943,5.89,50.83
1943,5.95,51.24
1939,5.76,50.84
1940,5.76,50.84
1941,5.76,50.84
1924,5.89,50.81
1922,5.89,50.81
1940,5.769318545,50.83381725
1941,5.769318545,50.83381725
1947,4.52734474,51.93580254
1887,5.695334472,52.00477848
1948,5.829520238,51.82175519
1894,5.911143882,50.8303625
1910,5.911143882,50.8303625
1918,5.911143882,50.8303625
1920,5.911143882,50.8303625
1921,5.911143882,50.8303625
1922,5.911143882,50.8303625
1930,3.220863895,45.00289327
1926,2.993734482,44.27574508
1923,2.695536267,48.26943759
1911,4.791079157,49.60532828
1922,4.846412093,49.60445862
1902,4.71667,49.76667
1936,2.646503052,49.68348443
1874,6.01554,46.37092
1889,5.94056,46.26198
1936,2.435847,49.8067
1911,4.791079,49.60533
1909,2.24045,49.85955
1937,2.534334,49.68121
1936,2.534334,49.68121
1910,2.738871,50.31144
1900,4.71667,49.76667
1889,5.94056,46.26198
1889,5.94056,46.26198
1889,6.21512,46.16633
1909,3.202141559,50.26658408
1874,6.01554,46.37092
1889,6.21512,46.16633
1889,6.21512,46.16633
1904,3.202142,50.26658
1923,3.202142,50.26658
1922,4.846412,49.60446
1936,2.646503,49.68348
1931,3.466445,50.03199
1923,2.128064695,48.35650236
1926,2.128064695,48.35650236
1921,2.154761642,48.37469494
1909,2.240449988,49.85954668
1936,2.435846791,49.80669629
1889,6.18923,46.16604
1889,5.94056,46.26198
1923,3.202141559,50.26658408
1889,5.94056,46.26198
1874,5.94056,46.26198
1906,3.202142,50.26658
1909,3.202142,50.26658
1921,2.128064695,48.35650236
1922,2.128064695,48.35650236
1936,2.534333767,49.68121175
1937,2.534333767,49.68121175
1910,2.738871394,50.31143432
1904,3.202141559,50.26658408
1906,3.202141559,50.26658408
1931,3.466444811,50.03198484
1874,6.072073,46.448107
1896,4.843546858,45.74433579
1873,6.20832,46.179764
1949,11.58333,48.15
1929,8.38583,49.0047
1930,8.5,49.0083
1931,8.53333,49.0083
1942,8.58333,49.025
1947,9.15,49.35
1930,9.45,49.3667
1929,9.45,49.4
1916,11.0166,49.6
1923,11.0666,49.6166
1916,8.64944,49.87056
1893,12.5,50.7333
1947,8.29056,50.7358
1949,8.76861,50.8114
1909,9.648611111,53.54888889
1909,12.60861111,54.30416667
1890,12.9333,51.1833
1890,12.55,51.2333
1889,12.3333,51.3
1891,12.3333,51.3
1902,12.9333,52.1833
1927,13.2,52.55
1903,13.2,52.55
1926,8.64944,49.87056
1939,9.6,49.9833
1890,12.25,51.3333
1888,12.45,51.3833
1888,12.4833,51.3833
1927,13.2,52.55
1937,8.33333,54.9
1946,11.84473145,48.18970973
1935,9.138055556,48.75194444
1935,9.168611111,48.83638889
1909,7.042777778,51.33888889
1930,9.092222222,48.71777778
1909,9.083888889,48.74972222
1930,9.155833333,48.81055556
1935,9.155833333,48.81055556
1927,8.35,48.9833
1927,8.38583,49.0047
1928,8.38583,49.0047
1896,14.82083333,51.2925
1928,13.75388889,50.76527778
1896,14.40305556,51.3825
1909,7.014722222,51.45805556
1909,13.18314676,52.57706524
1938,8.336044185,54.89487494
1928,8.08333,48.6333
1928,12.96972222,50.64638889
1926,8.08333,48.6333
1909,10.11,53.47944444
1909,8.3125,52.33694444
1909,9.001388889,53.16472222
1929,8.7,48.8833
1935,6.784361156,51.11364626
1909,10.72027778,52.85638889
1909,9.647222222,52.30055556
1928,7.107989759,50.71012463
1945,12.6,48.15
1923,7.65,48.05
1909,9.798888889,51.94277778
1938,8.68333,54.88334
1894,7.770087,47.445315
1945,6.17503,46.21987
1945,6.67627,46.52124
1933,7.08286,46.12743
1889,6.04591,46.20035
1925,9.53037,46.8555
1942,9.56084,46.96292
1934,9.46449,46.84769
1887,7.4452,46.94659
1926,7.47146,46.92859
1909,7.47145,46.9196
1896,7.4452,46.94659
1889,6.04591,46.20035
1947,6.88012,46.9722
1926,6.84637,46.45928
1946,6.88012,46.9722
1945,6.88012,46.9722
1934,6.47905,46.6187
1943,9.46449,46.84769
1934,9.46449,46.84769
1890,7.49768,46.8926
1930,7.39271,46.88361
1944,6.88012,46.9722
1943,9.46449,46.84769
1943,9.46449,46.84769
1936,9.46449,46.84769
1934,9.46449,46.84769
1886,7.53747,47.12644
1918,7.49774,46.94657
1885,7.53747,47.12644
1902,8.89356,47.55808
1926,9.55836,46.89998
1887,7.4452,46.94659
1930,7.53747,47.12644
1889,7.49768,46.8926
1931,6.16059,46.28268
1889,6.04591,46.20035
1889,6.04591,46.20035
1946,6.57173,46.53848
1914,6.87993,46.99019
1942,6.88012,46.9722
1944,6.88012,46.9722
1944,6.17503,46.21987
1944,6.17503,46.21987
1937,9.53317,46.92744
1942,9.46449,46.84769
1934,9.46449,46.84769
1934,9.46449,46.84769
1885,7.4452,46.94659
1882,7.55006,46.83859
1924,9.42219,46.76745
1879,6.04591,46.20035
1946,6.54611,46.51129
1926,6.84637,46.45928
1946,6.88012,46.9722
1947,6.77488,46.98064
1947,6.54611,46.51129
1925,9.53037,46.8555
1925,9.53142,46.88248
1884,7.53747,47.12644
1930,7.03849,46.88292
1923,7.47145,46.9196
1887,7.4452,46.94659
1889,6.04591,46.20035
1893,8.89356,47.55808
1946,6.88012,46.9722
1936,6.54611,46.51129
1939,6.61015,46.58374
1945,6.88012,46.9722
1942,6.88012,46.9722
1942,6.88012,46.9722
1936,6.54611,46.51129
1916,9.4114,46.83062
1934,9.46449,46.84769
1884,7.53747,47.12644
1909,7.47145,46.9196
1880,6.044767242,46.19940746
1880,6.109535312,46.20018868
1873,6.174303384,46.20093379
1880,6.173257984,46.24590716
1880,6.88502359,46.38658172
1880,6.104019391,46.42505273
1926,7.730272152,46.43254674
1880,8.642949546,46.51650216
1880,6.623006662,46.51994092
1924,9.434526541,46.77531373
1926,9.436195125,46.82027884
1884,7.53582608,46.83768603
1934,9.503420816,46.86407508
1890,7.470306988,46.88270047
1942,9.570754845,46.90783522
1930,7.535985315,46.92764119
1942,9.572540095,46.95279478
1936,7.010035414,47.01683003
1903,7.141312415,47.0622242
1930,7.536309313,47.10754876
1885,7.272669028,47.1524418
1887,7.536391695,47.15252218
1880,8.200153097,47.464876
1894,7.735925665,47.4669965
1873,6.206286,46.269709
1874,6.206286,46.269709
1926,7.763503,46.365909
1926,9.469177,46.798112
1884,7.504153,46.816133
1942,9.603731,46.885629
1934,9.472573,46.888036
1889,7.504263,46.906086
1890,7.504263,46.906086
1930,7.504263,46.906086
1942,9.607359,46.975547
1936,6.978495,46.995134
1896,7.504373,46.996038
1903,7.109411,47.085536
1939,6.61015,46.58374
1936,7.07011,46.1004
1889,6.04591,46.20035
1943,6.71572,46.49451
1943,6.62414,46.52087
1946,6.54611,46.51129
1945,6.68868,46.5663
1945,6.59808,46.52068
1945,6.67627,46.52124
1885,7.53747,47.12644
1943,9.42219,46.76745
1935,9.54453,46.88224
1934,9.46449,46.84769
1946,7.3544,46.22691
1945,6.88012,46.9722
1946,6.68955,46.50333
1946,6.88012,46.9722
1946,6.88012,46.9722
1935,9.68017,46.67268
1922,9.4114,46.83062
1934,9.46449,46.84769
1934,9.46449,46.84769
1889,7.49768,46.8926
1929,7.47145,46.9196
1884,7.55006,46.83859
1884,7.55006,46.83859
1896,7.4452,46.94659
1902,8.75054,47.68571
1886,7.4452,46.94659
1930,7.504483,47.085989
1885,7.240769,47.175786
1886,7.504593,47.175937
1887,7.504593,47.175937
1894,7.73716,47.48588
1886,7.53747,47.12644
1887,7.4452,46.94659
1939,6.61015,46.58374
1945,6.68868,46.5663
1946,6.57173,46.53848
1937,9.53317,46.92744
1948,7.7498,47.37792
1874,6.16101,46.26469
1884,7.53747,47.12644
1930,7.53747,47.12644
1887,7.2475,47.13532
1942,9.54383,46.86425
1942,9.46449,46.84769
1934,9.46449,46.84769
1884,7.53747,47.12644
1930,7.51086,46.93757
1934,7.07011,46.1004
1945,6.89771,46.5315
1934,7.07011,46.1004
1946,6.54611,46.51129
1945,6.88012,46.9722
1943,6.88012,46.9722
1945,6.54611,46.51129
1942,9.46449,46.84769
1934,9.46449,46.84769
1923,7.47145,46.9196
1930,7.03849,46.88292
1888,7.53747,47.12644
1929,9.52388,47.02659
1876,9.53002,46.84651
1889,6.04591,46.20035
1943,9.46449,46.84769
1935,7.07011,46.1004
1943,9.46449,46.84769
1942,9.46449,46.84769
1948,7.7498,47.37792
1948,8.32744,47.07808
1903,7.1424,47.07213
1889,7.49768,46.8926
1885,7.2475,47.13532
1932,6.57188,46.52948
1943,6.17503,46.21987
1939,7.07011,46.1004
1904,7.06353,47.05391
1942,9.34303,46.7508
1934,9.46449,46.84769
1923,7.4452,46.9196
1894,7.73716,47.48588
1936,6.98487,47.01764
1902,8.75054,47.68571
1887,7.4452,46.94659
1889,6.04591,46.20035
1889,6.04591,46.20035
1945,6.68868,46.5663
1948,6.88003,46.9812
1946,6.54611,46.51129
1946,6.88012,46.9722
1939,7.18628,46.1457
1945,6.54611,46.51129
1933,6.23624,46.38248
1889,6.04591,46.20035
1885,7.4452,46.94659
1935,6.54611,46.51129
1936,6.54611,46.51129
1945,6.88012,46.9722
1924,9.42219,46.76745
1922,9.4114,46.83062
1932,7.07011,46.1004
1884,7.53747,47.12644
1896,7.4452,46.94659
1889,6.04591,46.20035
1943,7.07011,46.1004
1946,6.88012,46.9722
1946,6.88012,46.9722
1933,6.88012,46.9722
1937,9.53317,46.92744
1926,9.54383,46.86425
1934,9.46449,46.84769
1948,7.7498,47.37792
1900,7.4452,46.94659
1936,6.98487,47.01764
1892,8.75054,47.68571
1886,7.53747,47.12644
1889,7.49768,46.8926
1930,7.51086,46.93757
1886,7.4452,46.94659
1889,6.04591,46.20035
1887,9.53002,46.84651
1936,6.54611,46.51129
1936,6.54611,46.51129
1946,6.88012,46.9722
1944,6.17503,46.21987
1935,6.54611,46.51129
1942,9.46449,46.84769
1934,9.46449,46.84769
1887,7.53747,47.12644
1884,7.53747,47.12644
1902,8.89356,47.55808
1885,7.53747,47.12644
1886,6.13464,46.28238
1889,6.04591,46.20035
1946,6.88012,46.9722
1945,6.17503,46.21987
1935,6.54611,46.51129
1939,7.07011,46.1004
1945,6.88012,46.9722
1935,7.07011,46.1004
1926,9.4114,46.83062
1934,9.46449,46.84769
1926,9.55836,46.89998
1948,7.7498,47.37792
1923,7.47145,46.9196
1886,7.4452,46.94659
1930,7.51086,46.93757
1885,7.53747,47.12644
1889,6.04591,46.20035
1889,6.04591,46.20035
1945,6.54611,46.51129
1940,6.59738,46.56566
1947,6.17503,46.21987
1947,6.17503,46.21987
1944,6.88012,46.9722
1945,6.88012,46.9722
1933,7.07011,46.1004
1924,9.42219,46.76745
1942,9.46449,46.84769
1884,7.53747,47.12644
1874,6.20033,46.24714
1930,7.51086,46.93757
1902,8.75054,47.68571
1885,7.53747,47.12644
1936,6.59738,46.56566
1936,6.54611,46.51129
1946,6.88012,46.9722
1945,6.17503,46.21987
1944,6.17503,46.21987
1922,9.53142,46.88248
1934,9.46449,46.84769
1896,7.4452,46.94659
1885,7.53747,47.12644
1935,6.64638,46.78191
1930,8.34395,47.27585
1889,6.1627,46.19274
1889,6.04591,46.20035
1945,6.88012,46.9722
1936,6.67627,46.52124
1946,6.88012,46.9722
1939,6.61015,46.58374
1945,6.88012,46.9722
1943,9.46449,46.84769
1922,9.4114,46.83062
1934,9.46449,46.84769
1949,7.41894,46.92859
1885,7.53747,47.12644
1934,8.5444,47.38204
1888,7.53747,47.12644
1889,6.04591,46.20035
1889,6.04591,46.20035
1934,6.47905,46.6187
1934,9.46449,46.84769
1925,9.49105,46.85621
1922,9.4114,46.83062
1888,3.387321,50.60786
1878,3.387321,50.60786
1878,3.387321,50.60786
1878,3.387321,50.60786
1877,3.387321,50.60786
1878,3.387321,50.60786
1878,3.387321,50.60786
1878,3.387321,50.60786
1878,3.387321,50.60786
1868,3.733487,51.05584
1877,3.387321,50.60786
1877,3.387321,50.60786
1878,3.387321,50.60786
1878,3.387321,50.60786
1878,3.387321,50.60786
1878,3.387321,50.60786
1878,3.387321,50.60786
1878,3.387321,50.60786
1878,3.387321,50.60786
1920,5.790799,51.09676
1920,5.790799,51.09676
1867,5.219177,51.09103
1867,5.219177,51.09103
1915,4.348409,50.85701
1915,4.146613,50.44995
1915,4.146613,50.44995
1916,4.146613,50.44995
1878,3.387321,50.60786
1916,4.146613,50.44995
1878,3.387321,50.60786
1878,3.387321,50.60786
1872,3.387321,50.60786
1894,5.31903,50.48836
1895,5.31903,50.48836
1916,4.146613,50.44995
1867,4.311513,50.80797
1945,4.541182,50.8861
1893,5.31903,50.48836
1917,4.146613,50.44995
1915,4.146613,50.44995
1915,4.146613,50.44995
1915,4.146613,50.44995
1915,4.146613,50.44995
1916,4.553599,50.83198
1923,6.261108,50.41445
1917,4.146613,50.44995
1923,6.261108,50.41445
1916,4.146613,50.44995
1917,4.146613,50.44995
1915,4.252807,50.73666
1915,4.238607,50.73676
1915,4.146613,50.44995
1915,4.146613,50.44995
1915,4.146613,50.44995
1915,4.146613,50.44995
1915,4.146613,50.44995
1915,4.146613,50.44995
1922,5.478368,49.51164
1898,4.852628,50.49476
1895,4.852628,50.49476
1915,4.188214,50.42255
1913,5.478367709,49.51163884
1914,5.478367709,49.51163884
1922,5.478367709,49.51163884
1925,5.479267277,49.52963937
1915,4.188214148,50.42255141
1916,4.160712777,50.44975191
1918,4.160712777,50.44975191
1897,4.146612446,50.44995176
1915,4.146612446,50.44995176
1916,4.146612446,50.44995176
1917,4.146612446,50.44995176
1919,4.146612446,50.44995176
1923,4.146612446,50.44995176
1947,4.146612446,50.44995176
1915,4.189512717,50.47645301
1895,4.852627625,50.49476083
1898,4.852627625,50.49476083
1915,4.252807068,50.73666144
1915,4.238606735,50.73676128
1920,4.664216315,50.74946635
1913,4.510710692,50.82346688
1916,4.510710692,50.82346688
1946,4.569310597,50.87666912
1945,4.583810695,50.88546954
1872,3.387320561,50.60786178
1877,3.387320561,50.60786178
1878,3.387320561,50.60786178
1888,3.387320561,50.60786178
1868,3.733486717,51.055839
1866,3.769305586,50.63294512
1886,3.80388722,51.00142052
1867,4.311513126,50.8079701
1915,4.34840902,50.85701204
1876,4.355119918,50.84344453
1945,4.913730055,50.25999632
1914,4.454232652,50.83325805
1945,4.541181346,50.88610173
1916,4.553598774,50.83197715
1867,5.21917658,51.09103016
1939,5.65816523,50.7760538
1936,5.688829828,50.56846799
1920,5.79079925,51.09676374
1923,6.261107702,50.41444672
1938,5.68333,50.78333
1915,4.13333,50.45
1916,4.13333,50.45
1917,4.13333,50.45
1915,3.980123693,50.50733713
1915,4.107022,50.5062
1938,5.68333,50.78333
1939,5.658165,50.77605
1866,3.769305,50.63295
1876,4.35512,50.84344
1924,4.47067,50.86192
1945,4.91373,50.25999
1886,3.803887,51.00142
1886,3.803887,51.00142
1886,3.803887,51.00142
1886,3.803887,51.00142
1914,4.454233,50.83326
1936,5.68883,50.56847
1915,4.146613,50.44995
1923,4.146613,50.44995
1915,4.146613,50.44995
1916,4.146613,50.44995
1916,4.146613,50.44995
1915,4.146613,50.44995
1915,4.146613,50.44995
1915,4.146613,50.44995
1915,4.146613,50.44995
1915,4.146613,50.44995
1917,4.146613,50.44995
1917,4.146613,50.44995
1917,4.146613,50.44995
1917,4.146613,50.44995
1915,4.146613,50.44995
1915,4.146613,50.44995
1916,4.146613,50.44995
1916,4.146613,50.44995
1915,4.146613,50.44995
1916,4.146613,50.44995
1917,4.146613,50.44995
1917,4.146613,50.44995
1917,4.146613,50.44995
1947,4.146613,50.44995
1917,4.146613,50.44995
1917,4.146613,50.44995
1919,4.146613,50.44995
1916,4.146613,50.44995
1916,4.146613,50.44995
1915,4.146613,50.44995
1897,4.146613,50.44995
1915,4.146613,50.44995
1915,3.980124,50.50734
1913,4.510711,50.82347
1916,4.510711,50.82347
1946,4.569311,50.87667
1916,4.160713,50.44975
1918,4.160713,50.44975
1918,4.160713,50.44975
1918,4.160713,50.44975
1915,4.189513,50.47645
1913,5.478368,49.51164
1914,5.478368,49.51164
1925,5.479267,49.52964
1920,4.664217,50.74947
1945,4.583811,50.88547
1915,4.188214,50.42255
1915,4.107022414,50.50619954
1924,4.470669574,50.86191608
1938,5.631076484,50.9250791
1895,5.627465996,50.83709975
1932,5.627465996,50.83709975
1947,5.627465996,50.83709975
1924,5.905567205,50.74055013
1947,5.69,50.81
1895,5.69,50.81
1932,5.69,50.81
1893,5.319030307,50.48835932
1894,5.319030307,50.48835932
1895,5.319030307,50.48835932
1936,14.33333,48.31667
1940,14.33333,48.31667
1935,14.28333,48.33333
1935,14.21667,48.38334
1933,14.3,48.43333
1923,13.9,48.55
1937,15.35,47.2
1936,15.35,47.21667
1928,13.98333,47.95
1930,13.98333,47.95
1937,13.98333,47.95
1935,14.13333,48.05
1935,13.9,48.55
1944,13.9,48.55
1945,13.9,48.55
1936,14.1,48.56667
1935,13.91667,48.68333
1914,15.5425,46.783056
1924,15.443056,47.072222
1910,15.461944,47.090556
1914,15.395833,47.096667
1935,16.831944,47.744444
1948,13,47.771
1912,16.783333,47.8
1935,16.783333,47.8
1940,16.8375,47.854167
1925,16.868056,47.926389
1935,16.868056,47.926389
1940,16.868056,47.926389
1940,16.841667,47.95
1914,16.754167,47.951389
1940,16.773611,47.952778
1881,15.45,47.0666
1914,14.46,47.35
1940,16.779167,48.025
1910,15.430556,48.026389
1942,16.4904,48.0294
1902,16.245833,48.047222
1924,16.283333,48.086111
1911,16.9,48.13
1935,16.9,48.13
1937,16.9,48.13
1912,16.922222,48.131944
1935,16.922222,48.131944
1941,16.939167,48.131944
1911,16.583333,48.15
1947,15.886111,48.175
1948,15.886111,48.175
1941,15.911,48.201
1948,16.1114,48.2243
1923,15.4814,48.234
1943,14.333333,48.244444
1908,16.75,48.25
1935,16.069444,48.255556
1933,15.944444,48.265278
1936,15.944444,48.265278
1932,14.411944,48.273611
1933,16.2864,48.2861
1902,16.308333,48.290278
1911,16.82,48.3
1934,16.82,48.3
1935,16.82,48.3
1937,16.82,48.3
1938,16.82,48.3
1940,16.82,48.3
1948,16.82,48.3
1946,16.412468,48.303281
1947,16.412468,48.303281
1934,16.368056,48.318056
1948,16.36,48.32
1910,16.72,48.34
1921,16.366667,48.352778
1928,14.31667,48.05
1932,14.31667,48.05
1913,13.56667,48.08333
1949,14.11667,48.18333
1938,14.46667,48.2
1930,14.48333,48.2
1935,14.23333,48.21667
1932,14.33333,48.23333
1935,14.2,48.28333
1921,14.3,48.3
1937,14.3,48.3
1910,14.35,48.3
1931,16.81667,48.3
1921,14.33333,48.31667
1925,14.33333,48.31667
1927,14.33333,48.31667
1933,14.33333,48.31667
1935,14.33333,48.31667
1929,13.9,48.55
1934,13.9,48.55
1906,15.408333,47.0975
1904,15.491667,47.107222
1923,11.918504,47.130005
1913,15.32,47.131111
1906,15.316667,47.166667
1903,11.391667,47.266667
1943,11.387222,47.272222
1944,14.048092,47.319604
1912,15.6,48.408333
1913,16.84,48.41
1936,16.122505,48.493348
1917,15.7,48.516667
1915,15.696667,48.555556
1918,15.696667,48.555556
1927,15.696667,48.555556
1901,15.662069,48.597733
1902,15.662069,48.597733
1903,15.662069,48.597733
1937,15.1689,48.6038
1936,13.8325,48.731111
1936,15.011111,48.863889
1932,15.6204,48.869
1909,55.05,51.7833
1915,43.1838,53.028
1908,54.6,53.9166
1909,53.3,54.1
1907,54.1166,54.1166
1915,50.6422,55.3647
1912,37.59722222,54.20719444
1912,37.59722222,54.20719444
1910,37.59722222,54.20719444
1911,37.59722222,54.20719444
1911,37.59722222,54.20719444
1909,45.0436,55.2341
1932,57.15,55.8333
1914,37.59722222,54.20719444
1946,37.88334,56.05
1949,37.55917,54.85778
1947,37.83833,55.22167
1947,38.05,55.63334
1947,37.76667,55.8
1947,35.36,55.88
1948,37.5,55.96667
1947,37.55917,54.85778
1948,37.55917,54.85778
1978,27.51227,47.59748
1972,16.63072,50.76536
1960,16.90687,50.58129
1959,16.92525,51.03068
1959,16.92525,51.03068
1962,17.07986,51.29783
1987,21.93444,51.4025
1964,22.34463,50.67907
1972,21.51228,52.21432
1973,21.07424,52.84472
1973,21.0763,54.01326
1972,21.37906,53.74305
1973,21.37906,53.74305
1974,21.37906,53.74305
1974,21.38069,53.92281
1973,21.97717,53.3801
1972,22.28864,53.73672
1975,22.28864,53.73672
1965,23.63761,51.01676
1972,22.83281,52.29112
1966,23.55492,52.09784
1974,22.8516,52.74039
1975,22.8516,52.74039
1974,23.15208,52.82524
1972,23.29564,52.73263
1974,23.31472,53.09192
1972,23.43859,52.63985
1973,23.43859,52.63985
2000,23.08583,54.06833
2000,23.10111,54.12028
2000,23.10111,54.05444
1972,23.21664,54.08274
1973,23.21664,54.08274
1973,23.34413,53.63081
1973,23.63508,53.44492
1975,22.7621,54.18015
1997,22.76593,54.26999
2000,22.80917,54.25278
1973,22.91524,54.17781
1974,22.91524,54.17781
1992,16.8166,52.0666
1955,20.2333,49.6
1958,20.3666,49.4166
1977,21.57055,53.80278
1992,23.1333,54.0333
1986,23.75348,50.56434
1965,23.78001,51.01346
1966,23.78001,51.01346
1959,14.47269,53.47282
1960,14.47269,53.47282
1974,16.06981,51.04164
1962,14.4738,53.38294
1972,15.36815,52.48458
1972,17.32585,50.48373
1974,17.32585,50.48373
1972,17.36189,51.20254
1961,14.4738,53.38294
1972,16.08457,51.67097
1974,16.37371,51.66794
1974,15.36815,52.48458
1972,15.52073,52.9335
1972,17.8727,50.20164
1972,17.90557,50.74055
1976,18.40312,52.81633
1976,18.40312,52.81633
1973,18.38147,53.17554
1974,18.5564,52.72967
1960,18.54121,52.99911
1985,18.54121,52.99911
1959,18.53609,53.08892
1960,18.53609,53.08892
1985,18.53609,53.08892
1972,18.71375,52.55297
1959,18.68528,53.09192
1959,18.68528,53.09192
1960,18.68528,53.09192
1960,18.68528,53.09192
1960,18.68528,53.09192
1960,18.68528,53.09192
1975,18.0765,53.25836
1975,18.0765,53.25836
1976,18.22622,53.26194
1974,18.95376,53.72617
1972,19.39799,54.00261
1974,18.92715,54.2651
1964,20.23472,49.89305
1976,20.50737,50.41599
1979,20.50737,50.41599
1975,20.50643,50.50592
1972,20.64878,50.32657
1974,20.78887,50.41684
1972,20.36421,50.59516
1972,20.36055,50.86493
2000,20.36055,50.86493
2000,20.5036,50.7757
1974,20.6461,50.68629
1964,20.12278,51.8525
1972,20.17661,53.20148
1972,20.47601,53.20317
1972,20.62804,52.93406
1954,20.77956,52.39504
1972,19.57196,53.37556
1974,19.87253,53.37878
1975,19.87253,53.37878
1972,20.3206,53.56195
1973,20.4738,53.38294
1972,20.92402,53.8335
1955,19.83221,49.24187
1958,20.37945,49.42601
1972,21.07038,50.41701
1972,21.07105,50.86666
1963,21.35458,50.77622
1963,21.63945,50.86493
1959,21.93444,51.4025
1961,21.93444,51.4025
1967,21.93444,51.4025
1970,21.93444,51.4025
1986,21.93444,51.4025
1966,23.33472,50.66344
1968,23.33472,50.66344
1968,23.47608,50.66052
1966,23.50003,51.10973
1966,23.50003,51.10973
1967,23.50003,51.10973
1967,23.50489,51.19957
1972,16.81089,51.75194
1995,16.82176,52.02153
1987,16.82543,52.1114
1960,16.94412,51.48003
1973,16.95181,51.65976
1975,16.96742,52.01919
1974,22.2914,53.82658
1975,22.2914,53.82658
1973,21.38316,54.19243
1964,22.60622,50.04617
1973,22.74582,50.04416
1964,23.04027,50.39914
1965,23.46668,50.48082
1964,22.48612,50.67735
1971,22.50636,51.30661
1971,22.50636,51.30661
1965,22.64976,51.30468
1965,22.64976,51.30468
1965,22.64976,51.30468
1966,22.64976,51.30468
1968,23.19334,50.66619
1968,23.19334,50.66619
1976,23.19334,50.66619
1967,23.19754,50.75605
1966,23.33472,50.66344
1966,23.33472,50.66344
1966,23.50978,51.2894
1966,23.65303,51.28624
1975,17.76798,53.17216
1973,23.45879,52.99911
1972,22.75073,53.91064
1975,22.75073,53.91064
1972,22.7545,54.00048
1974,22.7545,54.00048
1975,22.7545,54.00048
1974,22.88672,53.54899
1972,22.89881,53.8185
1988,23.06388,54.08546
1993,23.06388,54.08546
1975,22.91524,54.17781
1997,22.9194,54.26764
1974,23.07285,54.2651
1965,23.91114,50.83036
1985,23.91114,50.83036
1985,23.91114,50.83036
1964,17.12585,52.28621
1972,17.24074,51.65459
1970,17.26776,52.19364
1961,17.38047,51.56191
1975,17.5346,51.73855
1973,17.56007,52.18766
1965,16.69658,52.56289
1975,16.69658,52.56289
1974,16.70706,52.83247
1965,16.83653,52.38098
1964,16.98336,52.3786
1964,16.98336,52.3786
1967,16.98336,52.3786
1966,17.1345,52.46589
1975,17.1345,52.46589
1960,16.5243,51.84592
1966,16.5243,51.84592
1972,17.88732,52.71969
1973,17.79728,53.62107
1974,18.25174,50.47451
1972,18.24652,50.56434
1974,18.24652,50.56434
1978,22.78753,47.04824
1978,23.5537,45.27317
1978,23.64095,45.68054
1978,23.87305,46.58585
1978,24.04055,45.22856
1978,24.40557,46.12274
1978,24.54091,45.70435
1978,24.45277,46.564
1978,25.04506,46.10096
1978,25.0538,46.58741
1978,25.64928,46.147
1978,24.58343,47.4918
1978,25.18128,47.49259
1978,26.06471,44.42803
1978,26.19455,45.77441
1978,26.22521,46.20433
1970,23.57083,45.95889
1965,23.05,46.8666
1997,26.04861,44.49166
1995,24.14333,47.77889
1979,23.71304,49.85298
1979,25.03417,49.11262
1979,25.4187,48.92194
1979,26.0753,48.32134
1979,25.75147,48.80356
1979,34.22343,44.65715
1979,30.35324,50.15295
1979,34.55082,48.70186
1979,36.64321,49.80319
1996,23.8814,52.62991
1965,15.8325,50.19
1965,15.85722,50.1775
1965,15.85722,50.1775
1967,15.85722,50.1775
1969,15.85722,50.1775
1959,14.36428,49.98624
1979,19.68333,49.05833
1963,23.05,43.1666
1971,23.56667,42.18333
1971,23.33333,41.88334
1971,23.33333,41.61666
1971,23.56667,42.18333
1962,24.2166,41.95
1963,24.6333,41.65
1963,24.6833,41.65
1963,24.7333,41.6666
1966,25.3333,42.75
1963,23.05,43.1666
1962,23.8333,42.0333
1968,24.5425,41.81528
1968,24.5425,41.81528
1962,24.6333,41.4666
1968,24.71445,41.6775
1968,24.73722,41.69584
1971,23.33333,41.61666
1971,23.33333,41.61666
1980,23.83861,54.24776
1986,23.8448,54.33753
1974,23.38944,56.48
1974,25.03861,56.38945
1979,1.349649,51.14028
1969,9.43333,55.75
1965,20.7333,41.6166
1965,21.1916,41.0041
1970,20.03333,42.66667
1965,19.12194,43.15472
1970,19.12306,43.15445
1954,14.71667,45.3
1954,16,45.8
1966,15.2,45.73333
1965,21.2666,40.7833
1965,21.2666,40.7833
1961,12.85,42.4
1961,12.85,42.4
1973,21.75,44.33333
1975,21.75,44.33333
1975,18.45015,43.81795
1961,20.2166,41.8
1950,5.963584,50.89462
1962,3.198142,45.76804
1962,3.87705,44.76569
1962,3.108361,45.89417
1962,3.705434,45.19897
1962,3.198142,45.76804
1990,6.621697,43.71802
1994,3.093325,44.59797
1994,3.131044,44.56192
1976,4.131485,44.79229
1958,6.628321,44.17732
1994,3.093267,44.56196
1966,6.40359,45.03844
1967,4.169768,44.80991
1986,3.748261,44.57755
1963,3.705434,45.19897
1994,2.954753,44.56199
1994,3.105843,44.55295
1962,2.93692,43.57612
1962,3.270644,44.79574
1967,3.495826,44.51591
1990,6.562599,43.64474
1994,3.093267,44.56196
1963,3.266212,43.82343
1967,3.094024,45.03008
1994,3.105843,44.55295
1962,2.729426,44.27359
1994,3.080737,44.60698
1983,3.843446,45.91811
1994,3.105843,44.55295
1994,3.080737,44.60698
1994,3.080737,44.60698
1976,5.409544,44.54558
1981,6.01667,44.53333
1969,6.380486,44.40597
1994,3.068146,44.61599
1994,3.068146,44.61599
1966,6.499423,44.56168
1971,5.691802,48.35529
1969,6.162834,44.62133
1962,2.694756,43.70629
1966,6.628321,44.17732
1972,6.635488,44.64738
1972,6.68636,44.61064
1964,6.702749,44.54073
1964,6.606641,46.07172
1983,3.843446,45.91811
1958,5.281622,44.17009
1955,6.636876,44.89769
1965,5.134115,44.58707
1957,5.219495,44.51342
1994,3.030353,44.65202
1994,3.030353,44.65202
1994,3.030353,44.65202
1981,6.512399,43.95878
1994,3.068146,44.61599
1997,6.543031,43.7141
1985,6.54728,43.71644
1958,6.625792,44.24029
1966,6.625792,44.24029
1981,5.529085,44.39895
1981,5.529085,44.39895
1979,5.550369,44.28328
1981,5.6,44.55
1981,5.61667,44.41667
1981,5.75,44.51667
1967,2.92959,45.50901
1962,3.316145,43.85932
1973,3.579983,44.11938
1976,5.459206,44.22943
1994,3.030353,44.65202
1981,6.52373,43.98603
1997,6.543031,43.7141
1997,6.543031,43.7141
1973,5.778582,46.06294
1951,1.869654,50.83685
1963,3.19323,43.96947
1967,3.19323,43.96947
1962,3.266212,43.82343
1994,3.017738,44.64302
1994,3.017738,44.64302
1994,3.017738,44.64302
1994,3.017738,44.64302
1963,5.46598,44.39133
1994,3.042964,44.65202
1994,3.042964,44.65202
1967,5.656732,44.69497
1973,5.778582,46.06294
1974,3.266212,43.82343
1976,3.266212,43.82343
1962,3.316145,43.85932
1966,3.316145,43.85932
1962,3.378304,43.85013
1973,3.436894,44.20555
1974,3.519393,44.20254
1962,3.542244,44.09256
1965,3.266212,43.82343
1965,3.266212,43.82343
1966,5.35326,44.36854
1974,5.805982,44.12423
1965,5.503994,44.39951
1976,5.533102,44.2008
1965,5.60913,44.75908
1974,6.639256,44.24234
1972,6.702749,44.54073
1960,7.290964,47.96029
1965,3.266212,43.82343
1965,3.266212,43.82343
1966,6.420951,44.05578
1981,6.01667,44.53333
1983,3.843446,45.91811
1990,5.281622,44.17009
1963,5.46598,44.39133
1979,0.6251679,48.45225
1981,6.748866,44.29679
1989,-1.75462,49.37854
1962,-0.09655049,48.39956
1967,6.658027,45.02594
1969,2.619718,43.7961
1957,2.634554,43.39997
1984,2.689224,43.57571
1962,2.694756,43.70629
1967,2.845125,43.60037
1984,2.936826,43.66616
1988,2.452426,44.41665
1986,2.628047,44.45336
1962,2.729426,44.27359
1967,2.808445,45.01645
1986,2.929514,44.60699
1994,2.942187,44.53498
1962,5.281622,44.17009
1965,5.134115,44.58707
1986,3.104782,43.95875
1986,3.117246,43.95874
1986,3.179594,43.96766
1962,3.19323,43.96947
1962,3.19323,43.96947
1963,3.266212,43.82343
1962,3.316145,43.85932
1976,3.481043,44.10367
1962,3.542244,44.09256
1967,3.655763,44.191
1967,3.655763,44.191
1994,3.005127,44.62502
1994,3.005127,44.62502
1994,3.017738,44.64302
1986,3.748261,44.57755
1967,3.705434,45.19897
1963,3.266212,43.82343
1963,3.266212,43.82343
1963,3.266212,43.82343
1962,3.542244,44.09256
1964,3.542244,44.09256
1965,3.542244,44.09256
1962,3.642079,44.08304
1965,3.655763,44.191
1967,3.655763,44.191
1976,3.655763,44.191
1966,3.656363,44.24501
1963,3.874229,43.65116
1974,3.005133,44.69704
1970,3.061791,44.56648
1965,3.312212,44.29599
1974,3.321015,44.7596
1973,3.34737,44.74336
1973,3.369718,44.28415
1986,3.748261,44.57755
1962,3.87705,44.76569
1959,3.949124,44.92265
1963,3.966093,44.80098
1986,3.966093,44.80098
1963,4.01603,44.76453
1968,4.052866,44.64001
1973,4.052866,44.64001
1970,4.066793,44.71189
1968,4.131485,44.79229
1970,4.131485,44.79229
1976,4.131485,44.79229
1969,4.246338,44.89729
1974,5.194129,44.17181
1994,2.942187,44.53498
1994,2.942187,44.53498
1994,2.942187,44.53498
1994,2.942187,44.53498
1994,2.942187,44.53498
1994,2.954746,44.57099
1994,2.954746,44.57099
1994,2.954746,44.57099
1994,2.954746,44.57099
1994,2.954746,44.57099
1994,2.954718,44.607
1994,2.96735,44.55299
1994,2.96735,44.55299
1994,2.96735,44.55299
1994,2.992528,44.571
1994,2.992528,44.571
1967,2.92959,45.50901
1967,2.92959,45.50901
1962,3.19323,43.96947
1963,3.19323,43.96947
1969,3.19323,43.96947
1962,3.266212,43.82343
1962,3.266212,43.82343
1957,6.08175,44.6005
1974,2.586111,43.42865
1982,2.608403,43.62499
1974,2.684808,43.45597
1974,2.689224,43.57571
1983,2.689224,43.57571
1965,2.771059,43.52821
1982,2.781768,43.67047
1982,2.781768,43.67047
1967,2.845125,43.60037
1963,2.869905,43.6004
1969,2.868705,44.14962
1974,2.810512,44.38629
1986,2.929514,44.60699
1994,2.942187,44.53498
1994,2.942187,44.53498
1974,2.814134,45.21899
1991,2.941088,45.61518
1987,3.12971,43.95872
1965,3.19323,43.96947
1965,3.19323,43.96947
1965,3.19323,43.96947
1967,3.19323,43.96947
1969,3.19323,43.96947
1975,3.19323,43.96947
1984,3.242033,43.99456
1966,3.255161,44.14758
1963,3.266212,43.82343
1963,3.266212,43.82343
1963,3.266212,43.82343
1965,3.19323,43.96947
1966,3.19323,43.96947
1966,3.19323,43.96947
1977,9.766666,49.96667
1989,9.911574,49.82396
1989,7.636862,47.76569
1999,6.2756,50.85191
1989,7.802117,48.14472
1989,8.446395,48.15385
1989,8.921253,48.74373
1989,8.922011,48.65439
1989,8.92478,48.34716
1989,8.9265,48.16914
1989,7.766186,49.72123
1989,8.584528,50.02001
1989,8.751461,50.70609
1989,8.766748,50.80722
1950,8.76861,50.8114
1958,8.92389,50.7986
1989,7.942753,47.95874
1989,9.584905,49.9237
1962,7.75,48.05
1989,9.255755,49.04429
1989,9.271165,49.24348
1989,9.271075,48.94495
1989,9.27111,48.83568
1989,7.610597,48.06226
1989,7.622156,48.15171
1977,11.33333,50.23333
1989,9.741374,49.9339
1989,11.4323,48.29599
1989,11.5686,48.29552
1989,11.59369,48.18747
1989,10.40339,49.53437
1977,11.03333,50.13334
1977,11.05,49.71667
1989,9.422642,48.36115
1989,9.604919,48.55019
1989,9.772848,48.65988
1989,9.770065,48.36325
1950,11.26667,48.76667
1950,11.26667,48.76667
1950,11.26667,48.76667
1952,12.08904,48.48954
1951,8.931638,48.16642
1959,8.931518,48.25639
1969,9.066593,48.52628
1961,9.337468,48.52581
1959,9.43333,48.55
1967,9.471234,48.34541
1959,9.472066,48.43537
1962,9.472901,48.52533
1962,9.473741,48.61529
1959,9.745075,48.61385
1950,11.26667,48.76667
1950,11.26667,48.76667
1950,11.26667,48.76667
1989,8.437379,47.86708
1989,9.10936,47.77641
1977,11.33333,48
1998,6.09428,50.85545
2000,6.17222,50.85575
2000,6.19306,50.84858
1997,6.23069,50.848
1989,6.951075,50.92502
1989,8.920436,48.84308
1989,9.100498,50.22351
1958,9.1225,50.2247
1977,9.15,49.96667
1977,9.933333,49.8
1977,10.16667,49.73333
1977,10.21667,50.31667
1989,9.425773,51.40523
1954,9.46333,51.37
1989,10.07878,51.0187
1989,11.4096,51.82557
1977,10.75,48.76667
1989,10.91052,48.96773
1977,10.98333,49.48333
1977,11,49.6
1989,11.0677,49.44287
1989,11.23985,48.76915
1989,11.91406,51.53545
1989,11.76046,48.19661
1989,11.92184,49.17989
1989,11.90403,48.87408
1977,12.13333,47.85
1989,12.07782,51.32147
1989,13.0748,48.90154
1989,13.26034,48.90883
1989,12.25975,50.05871
1989,8.597591,49.03935
1964,10.1628,51.0072
1964,10.1628,51.0072
1989,9.265029,51.50703
1964,9.32833,51.5281
1989,9.089047,48.64584
1989,9.104657,48.55673
1989,9.271245,48.65709
1989,9.422971,48.55902
1989,9.422792,48.46004
1989,9.086256,49.34217
1959,9.745075,48.61385
1989,10.25907,49.33552
1977,10.51667,50.16667
1977,10.86667,49.86666
1977,10.96667,50.26667
1977,12.33333,49.88334
1961,9.305425,48.64016
1962,7.03333,49.28333
1952,8.105839,49.2425
1953,8.380593,49.2443
1979,9.93333,49.8
1970,9.066593,48.52628
1976,9.066593,48.52628
1959,9.305425,48.64016
1959,9.305425,48.64016
1960,9.305425,48.64016
1960,9.305425,48.64016
1960,9.305425,48.64016
1950,11.75425,48.13343
1961,9.337468,48.52581
1966,9.337468,48.52581
1969,9.338067,48.61577
1969,9.338067,48.61577
1959,9.43333,48.55
1959,9.472066,48.43537
1956,9.182607,48.77355
1956,9.182607,48.77355
1950,11.70986,48.18397
1960,9.305425,48.64016
1960,9.33333,48.63334
1960,9.33333,48.63334
1959,9.337468,48.52581
1960,9.338067,48.61577
1960,9.338067,48.61577
1960,9.43333,48.55
1974,6.683765,46.83523
1950,7.142807,46.79237
1951,7.404706,46.8827
1952,7.404677,46.92768
1951,7.470331,46.92768
1950,7.404648,46.97266
1974,7.470487,47.19753
1973,7.470513,47.24251
1980,7.603562,47.5572
1971,7.668637,47.24228
1974,6.717983,46.81388
1950,7.11106,46.81568
1952,7.373012,46.90609
1974,7.536554,47.24247
1974,7.602459,47.19743
1951,7.504263,46.90609
1950,7.504373,46.99604
1974,7.504593,47.17594
1974,7.504704,47.26588
1974,7.636506,47.17579
1950,7.504373,46.99604
1971,7.636839,47.26573
1991,7.901883,47.35492
1973,6.077662,46.43472
1960,7.873462,47.35113
1969,5.627466,50.8371
1955,14.28333,48.33333
1952,14.46667,48.2
1952,14.46667,48.2
1952,14.46667,48.2
1953,14.46667,48.2
1965,15.21972,48.05139
1960,15.30278,48.41667
1964,16.82,48.3
1996,11.37194,47.26694
1969,16.08417,46.99972
1971,16.6,47.8
1960,16.7429,47.83387
1960,16.78333,47.79722
1960,16.8016,47.79247
1990,16.83194,47.74445
1966,16.80471,47.8824
1951,14.26,48.31
1952,14.31722,48.2375
1951,14.34306,48.32361
1952,14.3581,48.2346
1956,15.13528,48.0575
1957,16.75665,48.1644
1951,14.33278,48.2425
1956,14.3297,46.6671
1958,16.25654,47.40448
1960,16.7429,47.83387
1960,16.78333,47.79722
1951,14.13194,48.37972
1953,14.25,48.2
1952,14.35278,48.24306
1960,15.46389,48.38278
1955,15.88611,48.175
1953,11.53333,47.28889
1950,13,47.771
1954,13,47.771
1960,15.46389,48.38278
1965,15.71222,48.25694
1965,15.71222,48.25694
1955,16.73333,48.35
1972,13.55,47.51667
1953,15.53833,46.85222
1953,15.53833,46.85222
1964,16.8333,47.75
1960,16.83333,47.93333
1960,16.83333,47.93333
1960,16.73333,48.35
1956,11.86056,47.18306
1982,12.79306,46.86667
1952,13.53135,46.62433
1989,12.51556,47.01861
1960,16.31667,47.24028
1971,16.6,47.8
1997,16.76556,47.74389
1964,16.83194,47.74445
1976,16.86667,47.76944
1987,12.548,46.9328
1956,14.3297,46.6671
1992,37.20167,55.96278
1984,38.52139,54.41555
1999,38.52139,54.41555
1955,37.5,55.75
1992,37.61694,55.75167
1978,48.023,53.38
1984,38.52139,54.41555
1999,38.52139,54.41555
1962,47.33333,57
1953,54.2666,53.7166
1955,55.9166,52.9666
1954,55.7,54.6166
1953,55.9333,54.7333
1955,58.3,51.8
1954,58.5,53.35
1954,58.5,53.35
1978,27.51227,47.597478
1974,23.31472182,53.09191951
1993,23.06387924,54.08546337
1973,23.43858844,52.6398528
1972,23.21663719,54.08274495
1973,23.21663719,54.08274495
1974,22.88672118,53.54899283
1974,23.15207679,52.82523593
1972,23.29563627,52.73262819
1974,22.85160264,52.74039466
1975,22.85160264,52.74039466
1973,23.34412679,53.63080638
1965,23.78001208,51.01345854
1966,23.55492258,52.09784009
1966,23.78001208,51.01345854
1972,22.83280666,52.29111876
1973,23.63507964,53.44492339
1974,22.91523749,54.17781494
1975,22.91523749,54.17781494
1986,23.75348188,50.56434186
1975,22.76210207,54.1801532
1997,22.76593285,54.26998637
1973,22.91523749,54.17781494
1965,23.63761337,51.01676201
1966,23.6530312,51.28624222
1968,23.19333874,50.66618792
1976,23.19333874,50.66618792
1967,23.19753808,50.75605132
1966,23.334723,50.66344012
1968,23.334723,50.66344012
1968,23.47608453,50.66052095
1966,23.50002598,51.10973055
1967,23.50002598,51.10973055
1967,23.50488842,51.19956731
1966,23.50977597,51.28940236
1972,23.43858844,52.6398528
1973,23.45879349,52.99911237
1972,22.75073443,53.91064452
1975,22.75073443,53.91064452
1972,22.75450302,54.00048228
1974,22.75450302,54.00048228
1975,22.75450302,54.00048228
1972,22.89880991,53.81849741
1988,23.06387924,54.08546337
1997,22.9194007,54.26764041
1974,23.0728457,54.26509924
1965,23.91114388,50.8303625
1985,23.91114388,50.8303625
1975,17.5345964,51.73855172
1973,17.56007089,52.18765784
1973,21.38316111,54.19243311
1964,22.60621741,50.04617074
1973,22.74582256,50.04415429
1964,23.04026531,50.39913981
1965,23.4666779,50.4808251
1964,22.48612426,50.67735436
1971,22.50636202,51.30661542
1965,22.649764,51.30468268
1966,22.649764,51.30468268
1958,20.3666,49.4166
1955,20.2333,49.6
1992,16.8166,52.0666
1992,23.1333,54.0333
1964,20.23472222,49.89305556
1964,20.12277778,51.8525
1977,21.57055556,53.80277778
1961,14.47380141,53.38294158
1962,14.47380141,53.38294158
1959,14.47269022,53.47282559
1960,14.47269022,53.47282559
1974,16.06980975,51.04164065
1972,16.08457093,51.67096579
1974,16.3737097,51.66793978
1972,15.36815217,52.48457538
1974,15.36815217,52.48457538
1972,15.52073116,52.93350086
1972,17.32585219,50.48372579
1974,17.32585219,50.48372579
1972,16.63071922,50.7653572
1960,16.90686738,50.58128833
1959,16.92525527,51.03067671
1962,17.07986434,51.29783159
1972,17.36188628,51.20254279
1960,16.52430023,51.84592319
1966,16.52430023,51.84592319
1972,16.81089398,51.75193616
1995,16.82176433,52.02153449
1987,16.82542582,52.11139747
1960,16.94412158,51.48002544
1973,16.95180574,51.65975381
1975,16.967416,52.01919149
1964,17.12585192,52.28620564
1972,17.24073928,51.65459464
1970,17.26775562,52.19364129
1961,17.38046671,51.5619109
1965,16.69657603,52.56289418
1975,16.69657603,52.56289418
1974,16.70706312,52.83247183
1965,16.83652628,52.38097707
1964,16.98335637,52.37860372
1967,16.98335637,52.37860372
1966,17.13450135,52.46588891
1975,17.13450135,52.46588891
1975,17.76797685,53.17215715
1972,17.88732311,52.71969008
1973,17.79728251,53.6210682
1972,17.8726971,50.20163749
1972,17.9055672,50.74055013
1974,18.25174342,50.47451315
1972,18.24651812,50.56434186
1974,18.24651812,50.56434186
1976,18.40312189,52.81633343
1973,18.38146766,53.17553821
1974,18.55640046,52.72967025
1960,18.54120651,52.99911237
1985,18.54120651,52.99911237
1959,18.53608769,53.088923
1960,18.53608769,53.088923
1985,18.53608769,53.088923
1972,18.71375557,52.55297254
1959,18.68527818,53.09191951
1960,18.68527818,53.09191951
1975,18.07649926,53.25836302
1976,18.22622478,53.26194297
1974,18.95376325,53.72617242
1972,19.39799352,54.00261188
1974,18.9271543,54.26509924
1976,20.50736577,50.41598997
1979,20.50736577,50.41598997
1975,20.50643072,50.50592
1972,20.64877955,50.32656772
1974,20.78886766,50.41684133
1972,20.36421081,50.59516322
1972,20.36054868,50.86493405
1974,20.64610101,50.68629153
1972,20.1766085,53.20147674
1972,20.47600597,53.20316943
1972,20.62804507,52.93405965
1954,20.77955625,52.39503976
1972,19.57195693,53.37555964
1974,19.87252524,53.37877711
1975,19.87252524,53.37877711
1972,20.32060424,53.56194603
1973,20.47380141,53.38294158
1972,20.92402466,53.83350246
1955,19.83220848,49.24186935
1958,20.37945137,49.42600866
1972,21.07037767,50.4170116
1972,21.07105248,50.86666403
1963,21.35457721,50.77621898
1963,21.63945132,50.86493405
1959,21.93444413,51.40249793
1961,21.93444413,51.40249793
1967,21.93444413,51.40249793
1970,21.93444413,51.40249793
1986,21.93444413,51.40249793
1987,21.93444413,51.40249793
1964,22.34463236,50.67907277
1972,21.51228019,52.21432371
1973,21.07423807,52.84472255
1973,21.07630245,54.01326295
1972,21.37906122,53.74304476
1973,21.37906122,53.74304476
1974,21.37906122,53.74304476
1974,21.3806878,53.92280419
1973,21.97717061,53.38010209
1972,22.28864425,53.73671613
1975,22.28864425,53.73671613
1974,22.29140073,53.8265758
1975,22.29140073,53.8265758
1965,23.05,46.8666
1978,25.181277,47.492591
1978,22.787533,47.048242
1978,24.583431,47.491802
1997,26.04861111,44.49166667
1970,23.57083333,45.95888889
1978,26.064709,44.42803
1978,24.040546,45.228559
1978,23.553697,45.273167
1978,23.640954,45.680538
1978,24.54091,45.704349
1978,26.194546,45.774405
1978,25.045065,46.100956
1978,24.405568,46.122739
1978,25.649285,46.147004
1978,26.225206,46.204326
1978,24.452767,46.563994
1978,23.873054,46.585855
1978,25.0538,46.587411
1995,24.14333333,47.77888889
1979,23.713039,49.852977
1979,30.353235,50.15295
1979,34.223434,44.657153
1979,26.075303,48.321338
1979,34.550818,48.701862
1979,25.75147,48.803561
1979,25.418699,48.921938
1979,25.034166,49.11262
1979,36.643211,49.803191
1996,23.88140489,52.62990482
1965,15.85722222,50.1775
1967,15.85722222,50.1775
1969,15.85722222,50.1775
1965,15.8325,50.19
1979,19.68333333,49.05833333
1971,23.56667,42.18333
1962,24.6333,41.4666
1963,24.6333,41.65
1963,24.6833,41.65
1963,24.7333,41.6666
1962,24.2166,41.95
1962,23.8333,42.0333
1966,25.3333,42.75
1963,23.05,43.1666
1971,23.33333333,41.61666667
1968,24.71444444,41.6775
1968,24.73722222,41.69583333
1968,24.5425,41.81527778
1971,23.33333333,41.88333333
1980,23.88333,54.3
1999,23.18194,54.44861
1999,23.02222,54.36806
1980,23.8386104,54.24776347
1986,23.84479531,54.33752729
1974,25.03861111,56.38944444
1974,23.38944444,56.48
1969,9.43333,55.75
1965,21.1916,41.0041
1965,20.7333,41.6166
1965,19.12194,43.15472
1970,20.03333,42.66667
1970,19.12305556,43.15444444
1954,16,45.8
1954,14.71667,45.3
1966,15.2,45.73333
1965,21.2666,40.7833
1961,12.85,42.4
1973,21.75,44.33333
1975,21.75,44.33333
1975,18.4501486,43.81794893
1961,20.2166,41.8
1950,5.963584158,50.89461954
1976,3.655762633,44.19100101
1966,3.656362433,44.24501597
1994,3.005127128,44.62501669
1974,3.00513348,44.69703577
1994,3.017738442,44.64302028
1994,3.030352863,44.65202003
1970,3.061791303,44.56648391
1994,3.042964539,44.65201599
1994,3.068145724,44.61599402
1994,3.080737117,44.60698335
1994,3.093267031,44.56196128
1994,3.093324617,44.59797128
1967,3.094024145,45.03007361
1994,3.105842895,44.55294777
1994,3.131043565,44.56192418
1965,3.312211524,44.29599151
1962,3.270644013,44.79573995
1962,2.729426212,44.27359029
1974,2.810511723,44.38628991
1967,2.808445,45.01644895
1986,2.929513958,44.60699014
1994,2.942187273,44.53497704
1994,2.954752739,44.5619904
1994,2.95474576,44.57099293
1994,2.95471781,44.60700292
1994,2.967349984,44.55299214
1994,2.992528224,44.57100165
1974,2.8141343,45.21899579
1991,2.94108771,45.61518423
1986,3.104782371,43.95874907
1987,3.129710535,43.95872349
1974,3.266212347,43.82343304
1966,3.316145461,43.85932051
1962,3.37830419,43.850128
1973,3.43689372,44.20555241
1962,3.542244418,44.09256113
1964,3.542244418,44.09256113
1965,3.542244418,44.09256113
1973,3.579983133,44.11938552
1962,3.642078682,44.0830404
1965,3.655762633,44.19100101
1967,3.655762633,44.19100101
1968,4.131485178,44.79229418
1974,3.321015475,44.75960067
1967,3.495826541,44.51591021
1986,3.748261292,44.5775532
1962,3.877049822,44.76568623
1969,2.868704627,44.14962538
1967,2.92959039,45.50901089
1973,4.052866105,44.64000602
1970,4.066793573,44.71189613
1970,4.131485178,44.79229418
1976,4.131485178,44.79229418
1969,2.619718024,43.79609924
1957,2.634553665,43.39996921
1974,2.68922424,43.57571335
1983,2.68922424,43.57571335
1984,2.68922424,43.57571335
1962,2.694756291,43.70628612
1982,2.781767888,43.67046969
1962,2.936920271,43.57611834
1984,2.936826062,43.66615857
1988,2.452425997,44.41664431
1986,2.628046731,44.45336219
1981,5.61667,44.41667
1981,5.75,44.51667
1981,6.01667,44.53333
1981,6.01667,44.53333
1986,3.117246457,43.95873696
1986,3.179593868,43.96765947
1984,3.24203296,43.99455464
1966,3.255161189,44.14758242
1962,3.266212347,43.82343304
1963,3.266212347,43.82343304
1965,3.266212347,43.82343304
1976,3.266212347,43.82343304
1962,3.316145461,43.85932051
1974,2.586110671,43.42864442
1974,2.684808009,43.45597219
1965,2.771058552,43.52821188
1967,2.845125074,43.60036977
1963,2.869904994,43.60040065
1962,3.193230168,43.96946913
1967,3.193230168,43.96946913
1969,3.193230168,43.96946913
1975,3.193230168,43.96946913
1976,3.481043114,44.10367157
1974,3.519393392,44.20253948
1963,3.874228671,43.65115629
1973,3.347369799,44.74335753
1973,3.369718199,44.28415001
1968,4.052866105,44.64000602
1967,4.169768017,44.80991288
1966,5.353260001,44.36853627
1974,5.805981512,44.12423171
1963,3.966092859,44.80097637
1986,3.966092859,44.80097637
1959,3.949123907,44.92264648
1963,4.016029682,44.76453425
1969,4.246337871,44.89728433
1962,3.108361405,45.89416843
1962,3.198142256,45.76804048
1962,3.705434431,45.19896532
1971,5.691801848,48.35529383
1985,6.547279641,43.71644259
1990,6.56259907,43.64474204
1990,6.621697032,43.71801617
1958,6.628321051,44.17731852
1966,6.628321051,44.17731852
1966,6.499422653,44.56168245
1958,6.625791506,44.24028615
1966,6.625791506,44.24028615
1955,6.63687603,44.89769243
1972,6.686360194,44.61063661
1981,6.748865821,44.2967961
1964,6.60664076,46.07172131
1960,7.290963929,47.96028724
1981,5.6,44.55
1957,6.08175,44.6005
1979,5.550369362,44.28327782
1965,5.609130155,44.75908339
1967,5.656731417,44.69496942
1966,3.193230168,43.96946913
1951,1.869654,50.83685
1963,3.193230168,43.96946913
1965,3.193230168,43.96946913
1981,5.529084715,44.39895086
1981,5.529084715,44.39895086
1973,5.778582324,46.06293979
1951,1.869654135,50.83684547
1966,6.403589489,45.03843682
1989,-1.754619762,49.3785443
1962,-0.0966,48.39956195
1982,2.608403488,43.62498736
1976,5.459205682,44.22942596
1963,5.465979764,44.39132895
1976,5.53310206,44.20080171
1979,0.625167923,48.45225247
1957,5.219494917,44.51342075
1962,5.281622458,44.17009266
1990,5.281622458,44.17009266
1976,5.409544534,44.54557717
1974,6.639255298,44.24234211
1972,6.635487414,44.64738326
1963,3.705434431,45.19896532
1967,3.705434431,45.19896532
1983,3.843445973,45.91810829
1974,5.194128348,44.17180746
1958,5.281622458,44.17009266
1965,5.134114675,44.58706842
1965,5.503994474,44.39950401
1997,6.543030757,43.71410041
1966,6.420950978,44.05578388
1981,6.512399273,43.95877853
1969,6.16283361,44.62132898
1969,6.380485363,44.40597228
1981,6.523729991,43.98603431
1972,6.702748538,44.54072725
1964,6.702748538,44.54072725
1967,6.658027312,45.02593752
1961,9.305424601,48.64015692
1952,12.08904294,48.48953628
1959,9.43333,48.55
1960,9.43333,48.55
1960,9.33333,48.63334
1950,11.26667,48.76667
1962,7.03333,49.28333
1979,9.93333,49.8
1977,10.86667,49.86666
1958,8.92389,50.7986
1950,8.76861,50.8114
1997,6.23069,50.848
1999,6.2756,50.85191
1998,6.09428,50.85545
1964,10.1628,51.0072
1977,11.33333333,48
1959,9.305424601,48.64015692
1960,9.305424601,48.64015692
1959,9.305424601,48.64015692
1977,12.13333333,47.85
1958,9.1225,50.2247
1954,9.46333,51.37
1964,9.32833,51.5281
1970,9.066593202,48.52628365
1976,9.066593202,48.52628365
1959,9.337467683,48.52580828
1961,9.337467683,48.52580828
1962,9.47374071,48.61529084
1956,9.182606801,48.77355118
1950,11.70986183,48.18397264
1977,10.75,48.76666667
1966,9.337467683,48.52580828
1960,9.338066856,48.61576902
1969,9.338066856,48.61576902
1967,9.471234225,48.34540886
1977,10.98333333,49.48333333
1977,11,49.6
1977,11.05,49.71666667
1977,10.16666667,49.73333333
1977,9.933333333,49.8
1952,8.105838673,49.2425014
1953,8.380593143,49.24430135
1969,9.066593202,48.52628365
1959,8.931517619,48.25638715
1959,9.472065608,48.43537094
1951,8.931637474,48.16641927
1977,10.96666667,50.26666667
1977,10.21666667,50.31666667
1950,11.75424589,48.13342792
1977,9.766666667,49.96666667
1977,11.03333333,50.13333333
1977,10.51666667,50.16666667
1962,9.472901095,48.5253316
1959,9.745074765,48.61385504
1977,11.33333333,50.23333333
1977,9.15,49.96666667
1977,12.33333333,49.88333333
1962,7.75,48.05
1971,7.636839,47.265733
1974,7.504704,47.265884
1991,7.901883,47.354918
1974,7.60359,47.19833
1968,6.23504,46.43644
1974,7.07935,46.65816
1971,7.66977,47.24319
1979,7.66577,46.29868
1950,8.32744,47.07808
1951,7.4977,46.91059
1955,6.51944,46.54706
1973,6.077661556,46.43472064
1950,7.142807036,46.7923643
1974,6.683765273,46.83522754
1951,7.404705502,46.88269982
1952,7.404676779,46.92767601
1951,7.470331046,46.92767943
1950,7.404648055,46.97265498
1974,7.602458917,47.19742404
1974,7.470486458,47.19753385
1971,7.668637256,47.24228422
1974,7.536553676,47.24247182
1973,7.470513278,47.24251005
1980,7.603562342,47.55720042
1960,7.873461853,47.35112818
1974,6.717983,46.81388
1950,7.11106,46.815682
1952,7.373012,46.906086
1951,7.504263,46.906086
1950,7.504373,46.996038
1964,7.35258,47.36031
1961,7.06353,47.05391
1951,7.40579,46.94658
1974,7.636506,47.175786
1974,7.504593,47.175937
1975,7.14369,46.83826
1983,6.62006,46.79072
1973,7.47165,47.24341
1956,8.73239,47.48803
1950,7.07011,46.1004
1974,7.47162,47.19844
1950,7.39267,46.93758
1952,7.40581,46.91959
1958,6.58377,46.60154
1950,7.39267,46.93758
1950,7.39266,46.94658
1950,8.45825,47.03201
1974,6.68491,46.83615
1958,6.88012,46.9722
1950,7.39266,46.94658
1950,7.40579,46.94658
1973,7.47165,47.24341
1991,7.93517,47.37727
1984,9.57183,46.90873
1950,7.07011,46.1004
1950,7.15699,46.80231
1974,7.47162,47.19844
1957,7.9904,46.31556
1951,7.40582,46.9016
1950,7.53705,46.89257
1951,7.40582,46.9016
1974,7.53769,47.24338
1969,5.69,50.81
1969,5.627465996,50.83709975
1960,16.742896,47.83386457
1960,16.80159808,47.79246771
1966,16.80471503,47.882397
1955,14.28333,48.33333
1971,16.6,47.8
1952,13.531348,46.624327
1956,14.3297,46.6671
1982,12.793056,46.866667
1987,12.548,46.9328
1989,12.515556,47.018611
1964,16.831944,47.744444
1990,16.831944,47.744444
1976,16.866667,47.769444
1950,13,47.771
1954,13,47.771
1960,16.783333,47.797222
1964,16.8333,47.75
1960,16.83333,47.93333
1956,15.135278,48.0575
1957,16.75665,48.1644
1955,15.886111,48.175
1952,14.3581,48.2346
1952,14.317222,48.2375
1951,14.332778,48.2425
1952,14.352778,48.243056
1965,15.712222,48.256944
1964,16.82,48.3
1951,14.26,48.31
1951,14.343056,48.323611
1953,14.25,48.2
1952,14.46667,48.2
1953,14.46667,48.2
1960,16.316667,47.240278
1996,11.371944,47.266944
1953,11.533333,47.288889
1958,16.256545,47.404485
1997,16.765556,47.743889
1951,14.131944,48.379722
1960,15.463889,48.382778
1960,15.302778,48.416667
1969,16.08416667,46.99972222
1956,11.86055556,47.18305556
1972,13.55,47.51666667
1965,15.21972222,48.05138889
1955,58.3,51.8
1955,55.9166,52.9666
1954,58.5,53.35
1978,48.023,53.38
1953,54.2666,53.7166
1954,55.7,54.6166
1953,55.9333,54.7333
1992,37.61694444,55.75166667
1992,37.20166667,55.96277778
1962,47.33333,57
1955,37.5,55.75
1984,38.52139,54.41555
1999,38.52139,54.41555
2002,16.78333,52.26667
2005,23.53972,45.34
2005,23.57528,46.765
2005,23.58389,46.54445
2005,23.6,46.77722
2005,23.57083,47.95889
2005,23.67722,46.56417
2005,23.79056,46.56639
2005,23.85528,46.69917
2005,24.69722,47.53806
2005,24.06667,45.87472
2005,24.14333,45.7875
2005,24.00667,46.09222
2005,24.12667,46.61278
2005,24.08333,47.63334
2005,24.75,43.73333
2005,24.70833,46.77583
2005,24.79111,46.21695
2005,24.95861,46.195
2005,25.55,46.51667
2005,26.10389,44.4325
2005,25.79139,45.41639
2005,25.7875,45.86361
2005,25.78611,46.79055
2005,26.75,46.7
2005,26.93,46.93
2005,26.25556,47.65139
2005,27.13333,44.53333
2005,27.21667,46.68333
2003,24.29278,47.66833
2008,23.8336,49.58472
2008,26.33074,49.2559
2008,34.27843,49.75039
2008,36.9376,49.69661
2001,13.746,50.45
2006,23.28924,42.57692
2006,23.28924,42.57692
2010,20.55,41.78333
2012,19.025,43.14583
2012,19.025,43.14583
2012,19.025,43.14583
2011,19.8,43.26667
2010,22.3,42.71667
2010,22.3,42.71667
2005,2.95,44.28333
2001,3.093271,44.59901
2005,2.918611,44.3175
2005,2.782778,44.35194
2001,3.064631,44.64587
2005,2.96667,44.2
2005,2.875556,44.28889
2005,2.98333,44.26667
2005,2.788056,44.18639
2005,2.934444,44.24166
2001,3.064631,44.64587
2005,2.893055,44.15667
2005,2.934444,44.24166
2004,3.062403,44.62837
2004,3.062403,44.62837
2001,3.093271,44.59901
2001,3.093271,44.59901
2005,6.642583,44.64656
2005,6.642583,44.64656
2005,6.642583,44.64656
2005,6.642583,44.64656
2003,2.9,44.2
2003,2.934444,44.24166
2003,2.98333,44.21667
2003,2.98333,44.21667
2010,2.83333,44.3
2001,3.093271,44.59901
2001,3.093271,44.59901
2001,3.108466,44.58407
2001,3.108466,44.58407
2010,2.98333,43.98333
2010,2.91667,44.58333
2010,2.91667,44.58333
2010,3.06667,43.93333
2003,2.15,44.23333
2005,2.788056,44.18639
2005,2.893055,44.15667
2005,2.914167,44.14806
2003,2.934444,44.24166
2003,2.934444,44.24166
2004,2.934444,44.24166
2004,2.934444,44.24166
2010,2.934444,44.24166
2010,2.949167,44.13194
2003,2.98333,44.21667
2005,2.918611,44.3175
2005,2.95,44.28333
2005,6.63117,50.60939
2018,8.925725,48.24823
2018,8.938107,48.54542
2004,8.64155,49.86556
2005,6.61002,51.8273
2018,11.76023,51.42684
2010,10.9,48.36666
2010,11.43333,48.26667
2010,11.58333,48.13334
2010,10.41667,49.5
2018,10.41689,48.85937
2010,10.56667,49.3
2018,10.24439,48.65145
2018,10.25781,48.56254
2012,6.15689,50.85641
2018,8.765559,47.86133
2011,6.14642,50.89125
2005,6.15353,50.8725
2012,6.15353,50.8725
2013,6.15481,50.85608
2011,6.15689,50.85641
2011,6.15689,50.85641
2012,6.15689,50.85641
2012,6.15689,50.85641
2012,6.15689,50.85641
2012,6.15689,50.85641
2012,6.15689,50.85641
2012,6.15689,50.85641
2012,6.15689,50.85641
2012,6.15689,50.85641
2012,6.15689,50.85641
2013,6.15689,50.85641
2013,6.15689,50.85641
2011,6.16239,50.86185
2002,6.1915,50.85353
2013,6.75728,50.94956
2010,11.58333,49.95
2010,10.75,49.11666
2010,11,49.46667
2010,11.08333,49.45
2010,11.75,48.4
2010,11.86667,48.91667
2010,12.1,49.01667
2010,12.96667,48.83333
2007,8.70671,49.28932
2010,9.8003,53.5915
2008,10.51606,50.02958
2008,10.51606,50.02958
2009,10.51623,50.02969
2008,15.33833,48.36264
2009,15.45481,48.20389
2005,15.97028,48.215
2005,15.85481,48.18808
2005,15.88036,48.18505
2005,15.92639,48.27361
2005,15.98156,48.094
2004,16.34167,48.5375
2003,16.40972,48.52778
2013,11.02075,47.212
2005,15.74961,48.12561
2005,15.74961,48.12561
2005,36,50.58333
2005,36.58722,50.61333
2005,36.75,51
2005,37.25,50.83333
2005,37.41667,51.16667
2007,38.52139,54.41555
2011,38.52139,54.41555
2011,38.53333,54.43333
2011,38.56445,54.32583
2001,37.5,55.75
2001,38.7,55.5
2005,38,50.16667
2007,38.52139,54.41555
2007,38.52139,54.41555
2007,38.52139,54.41555
2011,38.52139,54.41555
2011,38.52139,54.41555
2011,38.56445,54.32583
2010,50.46667,56.78333
2011,38.53333,54.43333
2011,38.57028,54.62639
2011,38.57028,54.62639
2001,38.7,55.5
2002,16.78333333,52.26666667
2005,26.10388889,44.4325
2005,24.75,43.73333333
2005,27.13333333,44.53333333
2005,23.53972222,45.34
2005,25.79138889,45.41638889
2005,24.14333333,45.7875
2005,25.7875,45.86361111
2005,24.06666667,45.87472222
2005,23.57083333,47.95888889
2005,24.00666667,46.09222222
2005,24.95861111,46.195
2005,24.79111111,46.21694444
2005,25.55,46.51666667
2005,23.58388889,46.54444444
2005,23.67722222,46.56416667
2005,23.79055556,46.56638889
2005,24.12666667,46.61277778
2005,27.21666667,46.68333333
2005,23.85527778,46.69916667
2005,26.75,46.7
2005,23.57527778,46.765
2005,24.70833333,46.77583333
2005,23.6,46.77722222
2005,25.78611111,46.79055556
2005,26.93,46.93
2005,24.69722222,47.53805556
2005,24.08333333,47.63333333
2005,26.25555556,47.65138889
2003,24.29277778,47.66833333
2008,26.330736,49.255898
2008,23.833595,49.584718
2008,36.937604,49.696608
2008,34.278429,49.750393
2001,13.746,50.45
2006,23.289244,42.576922
2010,20.55,41.78333
2012,19.025,43.14583
2010,22.3,42.71667
2011,19.8,43.26667
2019,22.372,42.7904
2019,22.3542,42.6786
2018,17.53250529,43.62231331
2019,17.6386,44.297037
2019,18.46920143,43.81627294
2019,18.46601597,43.81759403
2019,18.46601597,43.81759403
2019,17.6386,44.297037
2019,17.6386,44.297037
2019,17.6386,44.297037
2018,17.96441535,43.46457145
2018,18.44722055,43.83103922
2019,18.21557918,43.66854371
2003,2.9,44.2
2005,2.96667,44.2
2003,2.98333,44.21667
2003,2.15,44.23333
2005,2.98333,44.26667
2005,2.95,44.28333
2010,2.83333,44.3
2010,2.91667,44.58333
2004,2.934444444,44.24166667
2005,2.875555556,44.28888889
2005,2.918611111,44.3175
2005,2.782777778,44.35194444
2005,6.642583333,44.64655556
2010,3.06667,43.93333
2010,2.98333,43.98333
2010,2.949166667,44.13194444
2005,2.914166667,44.14805556
2005,2.893055556,44.15666667
2005,2.788055556,44.18638889
2003,2.934444444,44.24166667
2005,2.934444444,44.24166667
2010,2.934444444,44.24166667
2001,3.108466147,44.58406878
2001,3.093271094,44.59901342
2001,3.064630681,44.64587533
2022,6.623916667,44.09233333
2004,3.062402992,44.62836766
2007,8.70671,49.28932
2004,8.64155,49.86556
2002,6.1915,50.85353
2013,6.15481,50.85608
2011,6.15689,50.85641
2012,6.15689,50.85641
2013,6.15689,50.85641
2011,6.16239,50.86185
2005,6.15353,50.8725
2012,6.15353,50.8725
2011,6.14642,50.89125
2013,6.75728,50.94956
2010,11.58333333,48.13333333
2010,11.43333333,48.26666667
2010,10.9,48.36666667
2009,10.51623,50.02969
2005,6.61002,51.8273
2008,10.51606,50.02958
2005,6.63117,50.60939
2010,11.75,48.4
2010,9.8003,53.5915
2010,12.96666667,48.83333333
2010,12.1,49.01666667
2010,10.75,49.11666667
2010,10.56666667,49.3
2010,11.08333333,49.45
2010,11,49.46666667
2010,10.41666667,49.5
2010,11.86666667,48.91666667
2010,11.58333333,49.95
2005,15.981556,48.094
2005,15.749611,48.125611
2005,15.880361,48.185056
2005,15.854806,48.188083
2009,15.454806,48.203889
2005,15.970278,48.215
2005,15.926389,48.273611
2008,15.338333,48.362639
2003,16.409722,48.527778
2004,16.341667,48.5375
2001,38.4,54.43333333
2011,38.4,54.43333333
2020,38.4,54.43333333
2010,50.46667,56.78333
2001,38.7,55.5
2001,37.5,55.75
2005,36,50.58333
2005,36.58722,50.61333
2005,37.25,50.83333
2005,36.75,51
2005,37.41667,51.16667
2011,38.56445,54.32583
2007,38.52139,54.41555
2011,38.52139,54.41555
2011,38.53333,54.43333
2011,38.57028,54.62639
2005,38,50.16667
